ID_CONSULTATION;CONSULTATION_DATE;SYMPTOMS;DIAGNOSIS;PET_WEIGHT;ID_PET;PET_NAME;SPECIES;BREED;PET_BIRTH_DATE;PET_GENDER;ID_TUTOR;TUTOR_NAME;ID_VACCINE;VACCINE_NAME;VACCINE_APPLICATION_DATE;VACCINE_EXPIRATION_DATE;ID_MEDICAL_RECORD;PET_BLOOD_TYPE;PET_ALLERGY;CHRONIC_PET_DISEASE;IS_CASTRATED_PET;LATEST_UPDATE_MEDICAL_RECORD;ID_CLINIC;CLINIC_NAME;RISK
1;25/11/2024;Nenhum sintoma - checkup de rotina;Animal hígido;11,98;1;Rex;Cachorro;Bulldog Francês;29/10/2020 09:00;Fêmea;1;Ana Beatriz Souza;1;Antirrábica;01/10/2024;01/10/2025;1;DEA 1.1-;;;S;06/08/2026 09:00;3;PetCare Clínica Veterinária;0
1;25/11/2024;Nenhum sintoma - checkup de rotina;Animal hígido;11,98;1;Rex;Cachorro;Bulldog Francês;29/10/2020 09:00;Fêmea;1;Ana Beatriz Souza;2;Leishmaniose;02/04/2025;02/04/2026;1;DEA 1.1-;;;S;06/08/2026 09:00;3;PetCare Clínica Veterinária;0
2;28/01/2025;Leve apatia;Check-up preventivo normal;12,15;1;Rex;Cachorro;Bulldog Francês;29/10/2020 09:00;Fêmea;1;Ana Beatriz Souza;1;Antirrábica;01/10/2024;01/10/2025;1;DEA 1.1-;;;S;06/08/2026 09:00;3;PetCare Clínica Veterinária;0
2;28/01/2025;Leve apatia;Check-up preventivo normal;12,15;1;Rex;Cachorro;Bulldog Francês;29/10/2020 09:00;Fêmea;1;Ana Beatriz Souza;2;Leishmaniose;02/04/2025;02/04/2026;1;DEA 1.1-;;;S;06/08/2026 09:00;3;PetCare Clínica Veterinária;0
3;29/07/2025;Leve apatia;Animal hígido;12,14;1;Rex;Cachorro;Bulldog Francês;29/10/2020 09:00;Fêmea;1;Ana Beatriz Souza;1;Antirrábica;01/10/2024;01/10/2025;1;DEA 1.1-;;;S;06/08/2026 09:00;3;PetCare Clínica Veterinária;0
3;29/07/2025;Leve apatia;Animal hígido;12,14;1;Rex;Cachorro;Bulldog Francês;29/10/2020 09:00;Fêmea;1;Ana Beatriz Souza;2;Leishmaniose;02/04/2025;02/04/2026;1;DEA 1.1-;;;S;06/08/2026 09:00;3;PetCare Clínica Veterinária;0
4;21/07/2026;Nenhum sintoma - checkup de rotina;Animal hígido;12,06;1;Rex;Cachorro;Bulldog Francês;29/10/2020 09:00;Fêmea;1;Ana Beatriz Souza;1;Antirrábica;01/10/2024;01/10/2025;1;DEA 1.1-;;;S;06/08/2026 09:00;3;PetCare Clínica Veterinária;0
4;21/07/2026;Nenhum sintoma - checkup de rotina;Animal hígido;12,06;1;Rex;Cachorro;Bulldog Francês;29/10/2020 09:00;Fêmea;1;Ana Beatriz Souza;2;Leishmaniose;02/04/2025;02/04/2026;1;DEA 1.1-;;Obesidade / risco de resistência à insulina;N;06/08/2026 09:00;3;PetCare Clínica Veterinária;0
5;25/10/2024;Bom estado geral;Sem alterações significativas;42,11;2;Luna;Cachorro;Rottweiler;15/03/2016 09:00;Fêmea;2;Carlos Eduardo Lima;3;V10 (Polivalente);02/05/2026;02/05/2027;2;DEA 1.1+;;Obesidade / risco de resistência à insulina;N;13/07/2026 09:00;3;PetCare Clínica Veterinária;0
5;25/10/2024;Bom estado geral;Sem alterações significativas;42,11;2;Luna;Cachorro;Rottweiler;15/03/2016 09:00;Fêmea;2;Carlos Eduardo Lima;4;Leishmaniose;28/07/2025;28/07/2026;2;DEA 1.1+;;Obesidade / risco de resistência à insulina;N;13/07/2026 09:00;3;PetCare Clínica Veterinária;0
5;25/10/2024;Bom estado geral;Sem alterações significativas;42,11;2;Luna;Cachorro;Rottweiler;15/03/2016 09:00;Fêmea;2;Carlos Eduardo Lima;5;Antirrábica;30/09/2024;30/09/2025;2;DEA 1.1+;;Obesidade / risco de resistência à insulina;N;13/07/2026 09:00;3;PetCare Clínica Veterinária;0
5;25/10/2024;Bom estado geral;Sem alterações significativas;42,11;2;Luna;Cachorro;Rottweiler;15/03/2016 09:00;Fêmea;2;Carlos Eduardo Lima;6;Gripe Canina (V4);02/11/2025;02/11/2026;2;DEA 1.1+;;Obesidade / risco de resistência à insulina;N;13/07/2026 09:00;3;PetCare Clínica Veterinária;0
6;12/10/2025;Dificuldade de locomoção;Obesidade grau I;45,04;2;Luna;Cachorro;Rottweiler;15/03/2016 09:00;Fêmea;2;Carlos Eduardo Lima;3;V10 (Polivalente);02/05/2026;02/05/2027;2;DEA 1.1+;;Obesidade / risco de resistência à insulina;N;13/07/2026 09:00;3;PetCare Clínica Veterinária;1
6;12/10/2025;Dificuldade de locomoção;Obesidade grau I;45,04;2;Luna;Cachorro;Rottweiler;15/03/2016 09:00;Fêmea;2;Carlos Eduardo Lima;4;Leishmaniose;28/07/2025;28/07/2026;2;DEA 1.1+;;Obesidade / risco de resistência à insulina;N;13/07/2026 09:00;3;PetCare Clínica Veterinária;1
6;12/10/2025;Dificuldade de locomoção;Obesidade grau I;45,04;2;Luna;Cachorro;Rottweiler;15/03/2016 09:00;Fêmea;2;Carlos Eduardo Lima;5;Antirrábica;30/09/2024;30/09/2025;2;DEA 1.1+;;Obesidade / risco de resistência à insulina;N;13/07/2026 09:00;3;PetCare Clínica Veterinária;1
6;12/10/2025;Dificuldade de locomoção;Obesidade grau I;45,04;2;Luna;Cachorro;Rottweiler;15/03/2016 09:00;Fêmea;2;Carlos Eduardo Lima;6;Gripe Canina (V4);02/11/2025;02/11/2026;2;DEA 1.1+;;Obesidade / risco de resistência à insulina;N;13/07/2026 09:00;3;PetCare Clínica Veterinária;1
7;29/05/2026;Apetite aumentado;Obesidade grau II - risco metabólico;48,31;2;Luna;Cachorro;Rottweiler;15/03/2016 09:00;Fêmea;2;Carlos Eduardo Lima;3;V10 (Polivalente);02/05/2026;02/05/2027;2;DEA 1.1+;;Obesidade / risco de resistência à insulina;N;13/07/2026 09:00;3;PetCare Clínica Veterinária;1
7;29/05/2026;Apetite aumentado;Obesidade grau II - risco metabólico;48,31;2;Luna;Cachorro;Rottweiler;15/03/2016 09:00;Fêmea;2;Carlos Eduardo Lima;4;Leishmaniose;28/07/2025;28/07/2026;2;DEA 1.1+;;Obesidade / risco de resistência à insulina;N;13/07/2026 09:00;3;PetCare Clínica Veterinária;1
7;29/05/2026;Apetite aumentado;Obesidade grau II - risco metabólico;48,31;2;Luna;Cachorro;Rottweiler;15/03/2016 09:00;Fêmea;2;Carlos Eduardo Lima;5;Antirrábica;30/09/2024;30/09/2025;2;DEA 1.1+;;Obesidade / risco de resistência à insulina;N;13/07/2026 09:00;3;PetCare Clínica Veterinária;1
7;29/05/2026;Apetite aumentado;Obesidade grau II - risco metabólico;48,31;2;Luna;Cachorro;Rottweiler;15/03/2016 09:00;Fêmea;2;Carlos Eduardo Lima;6;Gripe Canina (V4);02/11/2025;02/11/2026;2;DEA 1.1+;;Obesidade / risco de resistência à insulina;N;13/07/2026 09:00;3;PetCare Clínica Veterinária;1
8;06/07/2026;Leve falta de ar;Pré-diabetes (glicemia levemente elevada);50,8;2;Luna;Cachorro;Rottweiler;15/03/2016 09:00;Fêmea;2;Carlos Eduardo Lima;3;V10 (Polivalente);02/05/2026;02/05/2027;2;DEA 1.1+;;Obesidade / risco de resistência à insulina;N;13/07/2026 09:00;3;PetCare Clínica Veterinária;1
8;06/07/2026;Leve falta de ar;Pré-diabetes (glicemia levemente elevada);50,8;2;Luna;Cachorro;Rottweiler;15/03/2016 09:00;Fêmea;2;Carlos Eduardo Lima;4;Leishmaniose;28/07/2025;28/07/2026;2;DEA 1.1+;;Obesidade / risco de resistência à insulina;N;13/07/2026 09:00;3;PetCare Clínica Veterinária;1
8;06/07/2026;Leve falta de ar;Pré-diabetes (glicemia levemente elevada);50,8;2;Luna;Cachorro;Rottweiler;15/03/2016 09:00;Fêmea;2;Carlos Eduardo Lima;5;Antirrábica;30/09/2024;30/09/2025;2;DEA 1.1+;;Obesidade / risco de resistência à insulina;N;13/07/2026 09:00;3;PetCare Clínica Veterinária;1
8;06/07/2026;Leve falta de ar;Pré-diabetes (glicemia levemente elevada);50,8;2;Luna;Cachorro;Rottweiler;15/03/2016 09:00;Fêmea;2;Carlos Eduardo Lima;6;Gripe Canina (V4);02/11/2025;02/11/2026;2;DEA 1.1+;;Obesidade / risco de resistência à insulina;N;13/07/2026 09:00;3;PetCare Clínica Veterinária;1
9;01/08/2026;Leve falta de ar;Pré-diabetes (glicemia levemente elevada);53,38;2;Luna;Cachorro;Rottweiler;15/03/2016 09:00;Fêmea;2;Carlos Eduardo Lima;3;V10 (Polivalente);02/05/2026;02/05/2027;2;DEA 1.1+;;Obesidade / risco de resistência à insulina;N;13/07/2026 09:00;3;PetCare Clínica Veterinária;1
9;01/08/2026;Leve falta de ar;Pré-diabetes (glicemia levemente elevada);53,38;2;Luna;Cachorro;Rottweiler;15/03/2016 09:00;Fêmea;2;Carlos Eduardo Lima;4;Leishmaniose;28/07/2025;28/07/2026;2;DEA 1.1+;;Obesidade / risco de resistência à insulina;N;13/07/2026 09:00;3;PetCare Clínica Veterinária;1
9;01/08/2026;Leve falta de ar;Pré-diabetes (glicemia levemente elevada);53,38;2;Luna;Cachorro;Rottweiler;15/03/2016 09:00;Fêmea;2;Carlos Eduardo Lima;5;Antirrábica;30/09/2024;30/09/2025;2;DEA 1.1+;;Obesidade / risco de resistência à insulina;N;13/07/2026 09:00;3;PetCare Clínica Veterinária;1
9;01/08/2026;Leve falta de ar;Pré-diabetes (glicemia levemente elevada);53,38;2;Luna;Cachorro;Rottweiler;15/03/2016 09:00;Fêmea;2;Carlos Eduardo Lima;6;Gripe Canina (V4);02/11/2025;02/11/2026;2;DEA 1.1+;;Doença renal crônica (estágio inicial);S;13/07/2026 09:00;3;PetCare Clínica Veterinária;1
10;09/03/2025;Nenhum sintoma - checkup de rotina;Animal hígido;3,89;3;Thor;Gato;Ragdoll;09/12/2013 09:00;Fêmea;3;Mariana Ferreira Costa;7;V5 Felina;29/03/2026;29/03/2027;3;B;;Doença renal crônica (estágio inicial);S;08/07/2026 09:00;4;Clínica Veterinária Bicho Manso;0
10;09/03/2025;Nenhum sintoma - checkup de rotina;Animal hígido;3,89;3;Thor;Gato;Ragdoll;09/12/2013 09:00;Fêmea;3;Mariana Ferreira Costa;8;Leucemia Felina (FeLV);21/06/2025;21/06/2026;3;B;;Doença renal crônica (estágio inicial);S;08/07/2026 09:00;4;Clínica Veterinária Bicho Manso;0
10;09/03/2025;Nenhum sintoma - checkup de rotina;Animal hígido;3,89;3;Thor;Gato;Ragdoll;09/12/2013 09:00;Fêmea;3;Mariana Ferreira Costa;9;Antirrábica;05/12/2024;05/12/2025;3;B;;Doença renal crônica (estágio inicial);S;08/07/2026 09:00;4;Clínica Veterinária Bicho Manso;0
11;01/09/2025;Perda de apetite;Doença renal crônica - estágio 2;3,67;3;Thor;Gato;Ragdoll;09/12/2013 09:00;Fêmea;3;Mariana Ferreira Costa;7;V5 Felina;29/03/2026;29/03/2027;3;B;;Doença renal crônica (estágio inicial);S;08/07/2026 09:00;4;Clínica Veterinária Bicho Manso;1
11;01/09/2025;Perda de apetite;Doença renal crônica - estágio 2;3,67;3;Thor;Gato;Ragdoll;09/12/2013 09:00;Fêmea;3;Mariana Ferreira Costa;8;Leucemia Felina (FeLV);21/06/2025;21/06/2026;3;B;;Doença renal crônica (estágio inicial);S;08/07/2026 09:00;4;Clínica Veterinária Bicho Manso;1
11;01/09/2025;Perda de apetite;Doença renal crônica - estágio 2;3,67;3;Thor;Gato;Ragdoll;09/12/2013 09:00;Fêmea;3;Mariana Ferreira Costa;9;Antirrábica;05/12/2024;05/12/2025;3;B;;Doença renal crônica (estágio inicial);S;08/07/2026 09:00;4;Clínica Veterinária Bicho Manso;1
12;15/12/2025;Vômitos ocasionais;Doença renal crônica - estágio 3 (piora);3,57;3;Thor;Gato;Ragdoll;09/12/2013 09:00;Fêmea;3;Mariana Ferreira Costa;7;V5 Felina;29/03/2026;29/03/2027;3;B;;Doença renal crônica (estágio inicial);S;08/07/2026 09:00;4;Clínica Veterinária Bicho Manso;1
12;15/12/2025;Vômitos ocasionais;Doença renal crônica - estágio 3 (piora);3,57;3;Thor;Gato;Ragdoll;09/12/2013 09:00;Fêmea;3;Mariana Ferreira Costa;8;Leucemia Felina (FeLV);21/06/2025;21/06/2026;3;B;;Doença renal crônica (estágio inicial);S;08/07/2026 09:00;4;Clínica Veterinária Bicho Manso;1
12;15/12/2025;Vômitos ocasionais;Doença renal crônica - estágio 3 (piora);3,57;3;Thor;Gato;Ragdoll;09/12/2013 09:00;Fêmea;3;Mariana Ferreira Costa;9;Antirrábica;05/12/2024;05/12/2025;3;B;;Doença renal crônica (estágio inicial);S;08/07/2026 09:00;4;Clínica Veterinária Bicho Manso;1
13;12/02/2026;Letargia progressiva;Desidratação leve, ajuste de dieta renal;3,44;3;Thor;Gato;Ragdoll;09/12/2013 09:00;Fêmea;3;Mariana Ferreira Costa;7;V5 Felina;29/03/2026;29/03/2027;3;B;;Doença renal crônica (estágio inicial);S;08/07/2026 09:00;4;Clínica Veterinária Bicho Manso;1
13;12/02/2026;Letargia progressiva;Desidratação leve, ajuste de dieta renal;3,44;3;Thor;Gato;Ragdoll;09/12/2013 09:00;Fêmea;3;Mariana Ferreira Costa;8;Leucemia Felina (FeLV);21/06/2025;21/06/2026;3;B;;Doença renal crônica (estágio inicial);S;08/07/2026 09:00;4;Clínica Veterinária Bicho Manso;1
13;12/02/2026;Letargia progressiva;Desidratação leve, ajuste de dieta renal;3,44;3;Thor;Gato;Ragdoll;09/12/2013 09:00;Fêmea;3;Mariana Ferreira Costa;9;Antirrábica;05/12/2024;05/12/2025;3;B;;Doença renal crônica (estágio inicial);S;08/07/2026 09:00;4;Clínica Veterinária Bicho Manso;1
14;16/04/2026;Letargia progressiva;Desidratação leve, ajuste de dieta renal;3,32;3;Thor;Gato;Ragdoll;09/12/2013 09:00;Fêmea;3;Mariana Ferreira Costa;7;V5 Felina;29/03/2026;29/03/2027;3;B;;Doença renal crônica (estágio inicial);S;08/07/2026 09:00;4;Clínica Veterinária Bicho Manso;1
14;16/04/2026;Letargia progressiva;Desidratação leve, ajuste de dieta renal;3,32;3;Thor;Gato;Ragdoll;09/12/2013 09:00;Fêmea;3;Mariana Ferreira Costa;8;Leucemia Felina (FeLV);21/06/2025;21/06/2026;3;B;;Doença renal crônica (estágio inicial);S;08/07/2026 09:00;4;Clínica Veterinária Bicho Manso;1
14;16/04/2026;Letargia progressiva;Desidratação leve, ajuste de dieta renal;3,32;3;Thor;Gato;Ragdoll;09/12/2013 09:00;Fêmea;3;Mariana Ferreira Costa;9;Antirrábica;05/12/2024;05/12/2025;3;B;;Doença renal crônica (estágio inicial);S;08/07/2026 09:00;4;Clínica Veterinária Bicho Manso;1
15;23/07/2026;Letargia progressiva;Desidratação leve, ajuste de dieta renal;3,17;3;Thor;Gato;Ragdoll;09/12/2013 09:00;Fêmea;3;Mariana Ferreira Costa;7;V5 Felina;29/03/2026;29/03/2027;3;B;;Doença renal crônica (estágio inicial);S;08/07/2026 09:00;4;Clínica Veterinária Bicho Manso;1
15;23/07/2026;Letargia progressiva;Desidratação leve, ajuste de dieta renal;3,17;3;Thor;Gato;Ragdoll;09/12/2013 09:00;Fêmea;3;Mariana Ferreira Costa;8;Leucemia Felina (FeLV);21/06/2025;21/06/2026;3;B;;Doença renal crônica (estágio inicial);S;08/07/2026 09:00;4;Clínica Veterinária Bicho Manso;1
15;23/07/2026;Letargia progressiva;Desidratação leve, ajuste de dieta renal;3,17;3;Thor;Gato;Ragdoll;09/12/2013 09:00;Fêmea;3;Mariana Ferreira Costa;9;Antirrábica;05/12/2024;05/12/2025;3;B;Alergia alimentar (proteína animal);Dermatite alérgica recorrente;N;08/07/2026 09:00;4;Clínica Veterinária Bicho Manso;1
16;20/03/2025;Leve apatia;Animal hígido;27,61;4;Mel;Cachorro;Labrador;04/03/2022 09:00;Fêmea;4;João Pedro Almeida;10;Giárdia;08/10/2025;08/10/2026;4;DEA 4+;Alergia alimentar (proteína animal);Dermatite alérgica recorrente;N;05/08/2026 09:00;2;Hospital Veterinário Amigo Fiel;0
16;20/03/2025;Leve apatia;Animal hígido;27,61;4;Mel;Cachorro;Labrador;04/03/2022 09:00;Fêmea;4;João Pedro Almeida;11;V10 (Polivalente);14/12/2024;14/12/2025;4;DEA 4+;Alergia alimentar (proteína animal);Dermatite alérgica recorrente;N;05/08/2026 09:00;2;Hospital Veterinário Amigo Fiel;0
16;20/03/2025;Leve apatia;Animal hígido;27,61;4;Mel;Cachorro;Labrador;04/03/2022 09:00;Fêmea;4;João Pedro Almeida;12;Gripe Canina (V4);03/11/2024;03/11/2025;4;DEA 4+;Alergia alimentar (proteína animal);Dermatite alérgica recorrente;N;05/08/2026 09:00;2;Hospital Veterinário Amigo Fiel;0
16;20/03/2025;Leve apatia;Animal hígido;27,61;4;Mel;Cachorro;Labrador;04/03/2022 09:00;Fêmea;4;João Pedro Almeida;13;Antirrábica;26/09/2025;26/09/2026;4;DEA 4+;Alergia alimentar (proteína animal);Dermatite alérgica recorrente;N;05/08/2026 09:00;2;Hospital Veterinário Amigo Fiel;0
17;24/07/2025;Vermelhidão na pele;Otite externa secundária a alergia;27,45;4;Mel;Cachorro;Labrador;04/03/2022 09:00;Fêmea;4;João Pedro Almeida;10;Giárdia;08/10/2025;08/10/2026;4;DEA 4+;Alergia alimentar (proteína animal);Dermatite alérgica recorrente;N;05/08/2026 09:00;2;Hospital Veterinário Amigo Fiel;1
17;24/07/2025;Vermelhidão na pele;Otite externa secundária a alergia;27,45;4;Mel;Cachorro;Labrador;04/03/2022 09:00;Fêmea;4;João Pedro Almeida;11;V10 (Polivalente);14/12/2024;14/12/2025;4;DEA 4+;Alergia alimentar (proteína animal);Dermatite alérgica recorrente;N;05/08/2026 09:00;2;Hospital Veterinário Amigo Fiel;1
17;24/07/2025;Vermelhidão na pele;Otite externa secundária a alergia;27,45;4;Mel;Cachorro;Labrador;04/03/2022 09:00;Fêmea;4;João Pedro Almeida;12;Gripe Canina (V4);03/11/2024;03/11/2025;4;DEA 4+;Alergia alimentar (proteína animal);Dermatite alérgica recorrente;N;05/08/2026 09:00;2;Hospital Veterinário Amigo Fiel;1
17;24/07/2025;Vermelhidão na pele;Otite externa secundária a alergia;27,45;4;Mel;Cachorro;Labrador;04/03/2022 09:00;Fêmea;4;João Pedro Almeida;13;Antirrábica;26/09/2025;26/09/2026;4;DEA 4+;Alergia alimentar (proteína animal);Dermatite alérgica recorrente;N;05/08/2026 09:00;2;Hospital Veterinário Amigo Fiel;1
18;28/01/2026;Lambedura excessiva das patas;Piodermite superficial;27,02;4;Mel;Cachorro;Labrador;04/03/2022 09:00;Fêmea;4;João Pedro Almeida;10;Giárdia;08/10/2025;08/10/2026;4;DEA 4+;Alergia alimentar (proteína animal);Dermatite alérgica recorrente;N;05/08/2026 09:00;2;Hospital Veterinário Amigo Fiel;1
18;28/01/2026;Lambedura excessiva das patas;Piodermite superficial;27,02;4;Mel;Cachorro;Labrador;04/03/2022 09:00;Fêmea;4;João Pedro Almeida;11;V10 (Polivalente);14/12/2024;14/12/2025;4;DEA 4+;Alergia alimentar (proteína animal);Dermatite alérgica recorrente;N;05/08/2026 09:00;2;Hospital Veterinário Amigo Fiel;1
18;28/01/2026;Lambedura excessiva das patas;Piodermite superficial;27,02;4;Mel;Cachorro;Labrador;04/03/2022 09:00;Fêmea;4;João Pedro Almeida;12;Gripe Canina (V4);03/11/2024;03/11/2025;4;DEA 4+;Alergia alimentar (proteína animal);Dermatite alérgica recorrente;N;05/08/2026 09:00;2;Hospital Veterinário Amigo Fiel;1
18;28/01/2026;Lambedura excessiva das patas;Piodermite superficial;27,02;4;Mel;Cachorro;Labrador;04/03/2022 09:00;Fêmea;4;João Pedro Almeida;13;Antirrábica;26/09/2025;26/09/2026;4;DEA 4+;Alergia alimentar (proteína animal);Dermatite alérgica recorrente;N;05/08/2026 09:00;2;Hospital Veterinário Amigo Fiel;1
19;22/02/2026;Otite recorrente;Alergia alimentar suspeita;27,11;4;Mel;Cachorro;Labrador;04/03/2022 09:00;Fêmea;4;João Pedro Almeida;10;Giárdia;08/10/2025;08/10/2026;4;DEA 4+;Alergia alimentar (proteína animal);Dermatite alérgica recorrente;N;05/08/2026 09:00;2;Hospital Veterinário Amigo Fiel;1
19;22/02/2026;Otite recorrente;Alergia alimentar suspeita;27,11;4;Mel;Cachorro;Labrador;04/03/2022 09:00;Fêmea;4;João Pedro Almeida;11;V10 (Polivalente);14/12/2024;14/12/2025;4;DEA 4+;Alergia alimentar (proteína animal);Dermatite alérgica recorrente;N;05/08/2026 09:00;2;Hospital Veterinário Amigo Fiel;1
19;22/02/2026;Otite recorrente;Alergia alimentar suspeita;27,11;4;Mel;Cachorro;Labrador;04/03/2022 09:00;Fêmea;4;João Pedro Almeida;12;Gripe Canina (V4);03/11/2024;03/11/2025;4;DEA 4+;Alergia alimentar (proteína animal);Dermatite alérgica recorrente;N;05/08/2026 09:00;2;Hospital Veterinário Amigo Fiel;1
19;22/02/2026;Otite recorrente;Alergia alimentar suspeita;27,11;4;Mel;Cachorro;Labrador;04/03/2022 09:00;Fêmea;4;João Pedro Almeida;13;Antirrábica;26/09/2025;26/09/2026;4;DEA 4+;Alergia alimentar (proteína animal);Dermatite alérgica recorrente;N;05/08/2026 09:00;2;Hospital Veterinário Amigo Fiel;1
20;04/04/2026;Otite recorrente;Alergia alimentar suspeita;27,48;4;Mel;Cachorro;Labrador;04/03/2022 09:00;Fêmea;4;João Pedro Almeida;10;Giárdia;08/10/2025;08/10/2026;4;DEA 4+;Alergia alimentar (proteína animal);Dermatite alérgica recorrente;N;05/08/2026 09:00;2;Hospital Veterinário Amigo Fiel;1
20;04/04/2026;Otite recorrente;Alergia alimentar suspeita;27,48;4;Mel;Cachorro;Labrador;04/03/2022 09:00;Fêmea;4;João Pedro Almeida;11;V10 (Polivalente);14/12/2024;14/12/2025;4;DEA 4+;Alergia alimentar (proteína animal);Dermatite alérgica recorrente;N;05/08/2026 09:00;2;Hospital Veterinário Amigo Fiel;1
20;04/04/2026;Otite recorrente;Alergia alimentar suspeita;27,48;4;Mel;Cachorro;Labrador;04/03/2022 09:00;Fêmea;4;João Pedro Almeida;12;Gripe Canina (V4);03/11/2024;03/11/2025;4;DEA 4+;Alergia alimentar (proteína animal);Dermatite alérgica recorrente;N;05/08/2026 09:00;2;Hospital Veterinário Amigo Fiel;1
20;04/04/2026;Otite recorrente;Alergia alimentar suspeita;27,48;4;Mel;Cachorro;Labrador;04/03/2022 09:00;Fêmea;4;João Pedro Almeida;13;Antirrábica;26/09/2025;26/09/2026;4;DEA 4+;Alergia alimentar (proteína animal);Dermatite alérgica recorrente;N;05/08/2026 09:00;2;Hospital Veterinário Amigo Fiel;1
21;26/07/2026;Otite recorrente;Alergia alimentar suspeita;27,6;4;Mel;Cachorro;Labrador;04/03/2022 09:00;Fêmea;4;João Pedro Almeida;10;Giárdia;08/10/2025;08/10/2026;4;DEA 4+;Alergia alimentar (proteína animal);Dermatite alérgica recorrente;N;05/08/2026 09:00;2;Hospital Veterinário Amigo Fiel;1
21;26/07/2026;Otite recorrente;Alergia alimentar suspeita;27,6;4;Mel;Cachorro;Labrador;04/03/2022 09:00;Fêmea;4;João Pedro Almeida;11;V10 (Polivalente);14/12/2024;14/12/2025;4;DEA 4+;Alergia alimentar (proteína animal);Dermatite alérgica recorrente;N;05/08/2026 09:00;2;Hospital Veterinário Amigo Fiel;1
21;26/07/2026;Otite recorrente;Alergia alimentar suspeita;27,6;4;Mel;Cachorro;Labrador;04/03/2022 09:00;Fêmea;4;João Pedro Almeida;12;Gripe Canina (V4);03/11/2024;03/11/2025;4;DEA 4+;Alergia alimentar (proteína animal);Dermatite alérgica recorrente;N;05/08/2026 09:00;2;Hospital Veterinário Amigo Fiel;1
21;26/07/2026;Otite recorrente;Alergia alimentar suspeita;27,6;4;Mel;Cachorro;Labrador;04/03/2022 09:00;Fêmea;4;João Pedro Almeida;13;Antirrábica;26/09/2025;26/09/2026;4;DEA 4+;;Cardiopatia valvar degenerativa;S;05/08/2026 09:00;2;Hospital Veterinário Amigo Fiel;1
22;15/02/2025;Nenhum sintoma - checkup de rotina;Check-up preventivo normal;5,68;5;Bidu;Cachorro;Shih Tzu;28/10/2012 09:00;Macho;5;Fernanda Rocha Silva;14;Giárdia;19/10/2024;19/10/2025;5;DEA 1.1-;;Cardiopatia valvar degenerativa;S;11/07/2026 09:00;1;Clínica VidaPet - Unidade Moema;0
22;15/02/2025;Nenhum sintoma - checkup de rotina;Check-up preventivo normal;5,68;5;Bidu;Cachorro;Shih Tzu;28/10/2012 09:00;Macho;5;Fernanda Rocha Silva;15;Antirrábica;26/02/2026;26/02/2027;5;DEA 1.1-;;Cardiopatia valvar degenerativa;S;11/07/2026 09:00;1;Clínica VidaPet - Unidade Moema;0
22;15/02/2025;Nenhum sintoma - checkup de rotina;Check-up preventivo normal;5,68;5;Bidu;Cachorro;Shih Tzu;28/10/2012 09:00;Macho;5;Fernanda Rocha Silva;16;Gripe Canina (V4);12/10/2024;12/10/2025;5;DEA 1.1-;;Cardiopatia valvar degenerativa;S;11/07/2026 09:00;1;Clínica VidaPet - Unidade Moema;0
22;15/02/2025;Nenhum sintoma - checkup de rotina;Check-up preventivo normal;5,68;5;Bidu;Cachorro;Shih Tzu;28/10/2012 09:00;Macho;5;Fernanda Rocha Silva;17;V10 (Polivalente);03/09/2025;03/09/2026;5;DEA 1.1-;;Cardiopatia valvar degenerativa;S;11/07/2026 09:00;1;Clínica VidaPet - Unidade Moema;0
23;11/12/2025;Cansaço fácil;Doença valvar degenerativa - fase inicial;5,36;5;Bidu;Cachorro;Shih Tzu;28/10/2012 09:00;Macho;5;Fernanda Rocha Silva;14;Giárdia;19/10/2024;19/10/2025;5;DEA 1.1-;;Cardiopatia valvar degenerativa;S;11/07/2026 09:00;1;Clínica VidaPet - Unidade Moema;1
23;11/12/2025;Cansaço fácil;Doença valvar degenerativa - fase inicial;5,36;5;Bidu;Cachorro;Shih Tzu;28/10/2012 09:00;Macho;5;Fernanda Rocha Silva;15;Antirrábica;26/02/2026;26/02/2027;5;DEA 1.1-;;Cardiopatia valvar degenerativa;S;11/07/2026 09:00;1;Clínica VidaPet - Unidade Moema;1
23;11/12/2025;Cansaço fácil;Doença valvar degenerativa - fase inicial;5,36;5;Bidu;Cachorro;Shih Tzu;28/10/2012 09:00;Macho;5;Fernanda Rocha Silva;16;Gripe Canina (V4);12/10/2024;12/10/2025;5;DEA 1.1-;;Cardiopatia valvar degenerativa;S;11/07/2026 09:00;1;Clínica VidaPet - Unidade Moema;1
23;11/12/2025;Cansaço fácil;Doença valvar degenerativa - fase inicial;5,36;5;Bidu;Cachorro;Shih Tzu;28/10/2012 09:00;Macho;5;Fernanda Rocha Silva;17;V10 (Polivalente);03/09/2025;03/09/2026;5;DEA 1.1-;;Cardiopatia valvar degenerativa;S;11/07/2026 09:00;1;Clínica VidaPet - Unidade Moema;1
24;17/01/2026;Respiração ofegante;Insuficiência cardíaca compensada;5,06;5;Bidu;Cachorro;Shih Tzu;28/10/2012 09:00;Macho;5;Fernanda Rocha Silva;14;Giárdia;19/10/2024;19/10/2025;5;DEA 1.1-;;Cardiopatia valvar degenerativa;S;11/07/2026 09:00;1;Clínica VidaPet - Unidade Moema;1
24;17/01/2026;Respiração ofegante;Insuficiência cardíaca compensada;5,06;5;Bidu;Cachorro;Shih Tzu;28/10/2012 09:00;Macho;5;Fernanda Rocha Silva;15;Antirrábica;26/02/2026;26/02/2027;5;DEA 1.1-;;Cardiopatia valvar degenerativa;S;11/07/2026 09:00;1;Clínica VidaPet - Unidade Moema;1
24;17/01/2026;Respiração ofegante;Insuficiência cardíaca compensada;5,06;5;Bidu;Cachorro;Shih Tzu;28/10/2012 09:00;Macho;5;Fernanda Rocha Silva;16;Gripe Canina (V4);12/10/2024;12/10/2025;5;DEA 1.1-;;Cardiopatia valvar degenerativa;S;11/07/2026 09:00;1;Clínica VidaPet - Unidade Moema;1
24;17/01/2026;Respiração ofegante;Insuficiência cardíaca compensada;5,06;5;Bidu;Cachorro;Shih Tzu;28/10/2012 09:00;Macho;5;Fernanda Rocha Silva;17;V10 (Polivalente);03/09/2025;03/09/2026;5;DEA 1.1-;;Cardiopatia valvar degenerativa;S;11/07/2026 09:00;1;Clínica VidaPet - Unidade Moema;1
25;02/08/2026;Síncope leve (desmaio breve);Piora do quadro cardíaco - ajuste de medicação;4,83;5;Bidu;Cachorro;Shih Tzu;28/10/2012 09:00;Macho;5;Fernanda Rocha Silva;14;Giárdia;19/10/2024;19/10/2025;5;DEA 1.1-;;Cardiopatia valvar degenerativa;S;11/07/2026 09:00;1;Clínica VidaPet - Unidade Moema;1
25;02/08/2026;Síncope leve (desmaio breve);Piora do quadro cardíaco - ajuste de medicação;4,83;5;Bidu;Cachorro;Shih Tzu;28/10/2012 09:00;Macho;5;Fernanda Rocha Silva;15;Antirrábica;26/02/2026;26/02/2027;5;DEA 1.1-;;Cardiopatia valvar degenerativa;S;11/07/2026 09:00;1;Clínica VidaPet - Unidade Moema;1
25;02/08/2026;Síncope leve (desmaio breve);Piora do quadro cardíaco - ajuste de medicação;4,83;5;Bidu;Cachorro;Shih Tzu;28/10/2012 09:00;Macho;5;Fernanda Rocha Silva;16;Gripe Canina (V4);12/10/2024;12/10/2025;5;DEA 1.1-;;Cardiopatia valvar degenerativa;S;11/07/2026 09:00;1;Clínica VidaPet - Unidade Moema;1
25;02/08/2026;Síncope leve (desmaio breve);Piora do quadro cardíaco - ajuste de medicação;4,83;5;Bidu;Cachorro;Shih Tzu;28/10/2012 09:00;Macho;5;Fernanda Rocha Silva;17;V10 (Polivalente);03/09/2025;03/09/2026;5;DEA 1.1-;;Diabetes mellitus;S;11/07/2026 09:00;1;Clínica VidaPet - Unidade Moema;1
26;13/01/2025;Nenhum sintoma - checkup de rotina;Check-up preventivo normal;3,59;6;Nina;Gato;Vira-lata (SRD);28/07/2017 09:00;Macho;6;Rafael Santos Oliveira;18;Antirrábica;04/03/2026;04/03/2027;6;B;;Diabetes mellitus;S;30/07/2026 09:00;2;Hospital Veterinário Amigo Fiel;0
26;13/01/2025;Nenhum sintoma - checkup de rotina;Check-up preventivo normal;3,59;6;Nina;Gato;Vira-lata (SRD);28/07/2017 09:00;Macho;6;Rafael Santos Oliveira;19;Leucemia Felina (FeLV);17/09/2025;17/09/2026;6;B;;Diabetes mellitus;S;30/07/2026 09:00;2;Hospital Veterinário Amigo Fiel;0
27;27/03/2025;Aumento de apetite com perda de peso;Diabetes mellitus diagnosticada;3,38;6;Nina;Gato;Vira-lata (SRD);28/07/2017 09:00;Macho;6;Rafael Santos Oliveira;18;Antirrábica;04/03/2026;04/03/2027;6;B;;Diabetes mellitus;S;30/07/2026 09:00;2;Hospital Veterinário Amigo Fiel;1
27;27/03/2025;Aumento de apetite com perda de peso;Diabetes mellitus diagnosticada;3,38;6;Nina;Gato;Vira-lata (SRD);28/07/2017 09:00;Macho;6;Rafael Santos Oliveira;19;Leucemia Felina (FeLV);17/09/2025;17/09/2026;6;B;;Diabetes mellitus;S;30/07/2026 09:00;2;Hospital Veterinário Amigo Fiel;1
28;29/04/2025;Urina em excesso;Diabetes em ajuste de dose de insulina;3,2;6;Nina;Gato;Vira-lata (SRD);28/07/2017 09:00;Macho;6;Rafael Santos Oliveira;18;Antirrábica;04/03/2026;04/03/2027;6;B;;Diabetes mellitus;S;30/07/2026 09:00;2;Hospital Veterinário Amigo Fiel;1
28;29/04/2025;Urina em excesso;Diabetes em ajuste de dose de insulina;3,2;6;Nina;Gato;Vira-lata (SRD);28/07/2017 09:00;Macho;6;Rafael Santos Oliveira;19;Leucemia Felina (FeLV);17/09/2025;17/09/2026;6;B;;Diabetes mellitus;S;30/07/2026 09:00;2;Hospital Veterinário Amigo Fiel;1
29;31/12/2025;Fraqueza;Diabetes controlada - reavaliação;3,03;6;Nina;Gato;Vira-lata (SRD);28/07/2017 09:00;Macho;6;Rafael Santos Oliveira;18;Antirrábica;04/03/2026;04/03/2027;6;B;;Diabetes mellitus;S;30/07/2026 09:00;2;Hospital Veterinário Amigo Fiel;1
29;31/12/2025;Fraqueza;Diabetes controlada - reavaliação;3,03;6;Nina;Gato;Vira-lata (SRD);28/07/2017 09:00;Macho;6;Rafael Santos Oliveira;19;Leucemia Felina (FeLV);17/09/2025;17/09/2026;6;B;;Diabetes mellitus;S;30/07/2026 09:00;2;Hospital Veterinário Amigo Fiel;1
30;09/08/2026;Fraqueza;Diabetes controlada - reavaliação;3,05;6;Nina;Gato;Vira-lata (SRD);28/07/2017 09:00;Macho;6;Rafael Santos Oliveira;18;Antirrábica;04/03/2026;04/03/2027;6;B;;Diabetes mellitus;S;30/07/2026 09:00;2;Hospital Veterinário Amigo Fiel;1
30;09/08/2026;Fraqueza;Diabetes controlada - reavaliação;3,05;6;Nina;Gato;Vira-lata (SRD);28/07/2017 09:00;Macho;6;Rafael Santos Oliveira;19;Leucemia Felina (FeLV);17/09/2025;17/09/2026;6;B;;Diabetes mellitus;S;30/07/2026 09:00;2;Hospital Veterinário Amigo Fiel;1
31;06/09/2026;Fraqueza;Diabetes controlada - reavaliação;3,04;6;Nina;Gato;Vira-lata (SRD);28/07/2017 09:00;Macho;6;Rafael Santos Oliveira;18;Antirrábica;04/03/2026;04/03/2027;6;B;;Diabetes mellitus;S;30/07/2026 09:00;2;Hospital Veterinário Amigo Fiel;1
31;06/09/2026;Fraqueza;Diabetes controlada - reavaliação;3,04;6;Nina;Gato;Vira-lata (SRD);28/07/2017 09:00;Macho;6;Rafael Santos Oliveira;19;Leucemia Felina (FeLV);17/09/2025;17/09/2026;6;B;;;N;30/07/2026 09:00;2;Hospital Veterinário Amigo Fiel;1
32;11/10/2024;Leve apatia;Check-up preventivo normal;39,27;7;Bob;Cachorro;Rottweiler;16/05/2021 09:00;Fêmea;7;Juliana Martins Pereira;20;Leishmaniose;10/01/2025;10/01/2026;7;DEA 4+;;;N;25/07/2026 09:00;3;PetCare Clínica Veterinária;0
32;11/10/2024;Leve apatia;Check-up preventivo normal;39,27;7;Bob;Cachorro;Rottweiler;16/05/2021 09:00;Fêmea;7;Juliana Martins Pereira;21;Antirrábica;19/01/2025;19/01/2026;7;DEA 4+;;;N;25/07/2026 09:00;3;PetCare Clínica Veterinária;0
32;11/10/2024;Leve apatia;Check-up preventivo normal;39,27;7;Bob;Cachorro;Rottweiler;16/05/2021 09:00;Fêmea;7;Juliana Martins Pereira;22;V10 (Polivalente);10/10/2025;10/10/2026;7;DEA 4+;;;N;25/07/2026 09:00;3;PetCare Clínica Veterinária;0
32;11/10/2024;Leve apatia;Check-up preventivo normal;39,27;7;Bob;Cachorro;Rottweiler;16/05/2021 09:00;Fêmea;7;Juliana Martins Pereira;23;Giárdia;26/10/2025;26/10/2026;7;DEA 4+;;;N;25/07/2026 09:00;3;PetCare Clínica Veterinária;0
33;13/03/2026;Leve apatia;Animal hígido;38,5;7;Bob;Cachorro;Rottweiler;16/05/2021 09:00;Fêmea;7;Juliana Martins Pereira;20;Leishmaniose;10/01/2025;10/01/2026;7;DEA 4+;;;N;25/07/2026 09:00;3;PetCare Clínica Veterinária;0
33;13/03/2026;Leve apatia;Animal hígido;38,5;7;Bob;Cachorro;Rottweiler;16/05/2021 09:00;Fêmea;7;Juliana Martins Pereira;21;Antirrábica;19/01/2025;19/01/2026;7;DEA 4+;;;N;25/07/2026 09:00;3;PetCare Clínica Veterinária;0
33;13/03/2026;Leve apatia;Animal hígido;38,5;7;Bob;Cachorro;Rottweiler;16/05/2021 09:00;Fêmea;7;Juliana Martins Pereira;22;V10 (Polivalente);10/10/2025;10/10/2026;7;DEA 4+;;;N;25/07/2026 09:00;3;PetCare Clínica Veterinária;0
33;13/03/2026;Leve apatia;Animal hígido;38,5;7;Bob;Cachorro;Rottweiler;16/05/2021 09:00;Fêmea;7;Juliana Martins Pereira;23;Giárdia;26/10/2025;26/10/2026;7;DEA 4+;;;N;25/07/2026 09:00;3;PetCare Clínica Veterinária;0
34;23/04/2026;Leve apatia;Sem alterações significativas;38,91;7;Bob;Cachorro;Rottweiler;16/05/2021 09:00;Fêmea;7;Juliana Martins Pereira;20;Leishmaniose;10/01/2025;10/01/2026;7;DEA 4+;;;N;25/07/2026 09:00;3;PetCare Clínica Veterinária;0
34;23/04/2026;Leve apatia;Sem alterações significativas;38,91;7;Bob;Cachorro;Rottweiler;16/05/2021 09:00;Fêmea;7;Juliana Martins Pereira;21;Antirrábica;19/01/2025;19/01/2026;7;DEA 4+;;;N;25/07/2026 09:00;3;PetCare Clínica Veterinária;0
34;23/04/2026;Leve apatia;Sem alterações significativas;38,91;7;Bob;Cachorro;Rottweiler;16/05/2021 09:00;Fêmea;7;Juliana Martins Pereira;22;V10 (Polivalente);10/10/2025;10/10/2026;7;DEA 4+;;;N;25/07/2026 09:00;3;PetCare Clínica Veterinária;0
34;23/04/2026;Leve apatia;Sem alterações significativas;38,91;7;Bob;Cachorro;Rottweiler;16/05/2021 09:00;Fêmea;7;Juliana Martins Pereira;23;Giárdia;26/10/2025;26/10/2026;7;DEA 4+;;;N;25/07/2026 09:00;3;PetCare Clínica Veterinária;0
35;23/07/2026;Bom estado geral;Sem alterações significativas;38,14;7;Bob;Cachorro;Rottweiler;16/05/2021 09:00;Fêmea;7;Juliana Martins Pereira;20;Leishmaniose;10/01/2025;10/01/2026;7;DEA 4+;;;N;25/07/2026 09:00;3;PetCare Clínica Veterinária;0
35;23/07/2026;Bom estado geral;Sem alterações significativas;38,14;7;Bob;Cachorro;Rottweiler;16/05/2021 09:00;Fêmea;7;Juliana Martins Pereira;21;Antirrábica;19/01/2025;19/01/2026;7;DEA 4+;;;N;25/07/2026 09:00;3;PetCare Clínica Veterinária;0
35;23/07/2026;Bom estado geral;Sem alterações significativas;38,14;7;Bob;Cachorro;Rottweiler;16/05/2021 09:00;Fêmea;7;Juliana Martins Pereira;22;V10 (Polivalente);10/10/2025;10/10/2026;7;DEA 4+;;;N;25/07/2026 09:00;3;PetCare Clínica Veterinária;0
35;23/07/2026;Bom estado geral;Sem alterações significativas;38,14;7;Bob;Cachorro;Rottweiler;16/05/2021 09:00;Fêmea;7;Juliana Martins Pereira;23;Giárdia;26/10/2025;26/10/2026;7;DEA 4+;;Obesidade / risco de resistência à insulina;N;25/07/2026 09:00;3;PetCare Clínica Veterinária;0
36;04/10/2024;Bom estado geral;Animal hígido;4,21;8;Amora;Gato;Maine Coon;19/12/2020 09:00;Fêmea;8;Bruno Henrique Cardoso;24;Antirrábica;30/04/2026;30/04/2027;8;AB;;Obesidade / risco de resistência à insulina;N;05/08/2026 09:00;3;PetCare Clínica Veterinária;0
36;04/10/2024;Bom estado geral;Animal hígido;4,21;8;Amora;Gato;Maine Coon;19/12/2020 09:00;Fêmea;8;Bruno Henrique Cardoso;25;V4 Felina;27/11/2025;27/11/2026;8;AB;;Obesidade / risco de resistência à insulina;N;05/08/2026 09:00;3;PetCare Clínica Veterinária;0
36;04/10/2024;Bom estado geral;Animal hígido;4,21;8;Amora;Gato;Maine Coon;19/12/2020 09:00;Fêmea;8;Bruno Henrique Cardoso;26;V5 Felina;23/12/2024;23/12/2025;8;AB;;Obesidade / risco de resistência à insulina;N;05/08/2026 09:00;3;PetCare Clínica Veterinária;0
37;16/06/2025;Dificuldade de locomoção;Obesidade grau I;4,34;8;Amora;Gato;Maine Coon;19/12/2020 09:00;Fêmea;8;Bruno Henrique Cardoso;24;Antirrábica;30/04/2026;30/04/2027;8;AB;;Obesidade / risco de resistência à insulina;N;05/08/2026 09:00;3;PetCare Clínica Veterinária;1
37;16/06/2025;Dificuldade de locomoção;Obesidade grau I;4,34;8;Amora;Gato;Maine Coon;19/12/2020 09:00;Fêmea;8;Bruno Henrique Cardoso;25;V4 Felina;27/11/2025;27/11/2026;8;AB;;Obesidade / risco de resistência à insulina;N;05/08/2026 09:00;3;PetCare Clínica Veterinária;1
37;16/06/2025;Dificuldade de locomoção;Obesidade grau I;4,34;8;Amora;Gato;Maine Coon;19/12/2020 09:00;Fêmea;8;Bruno Henrique Cardoso;26;V5 Felina;23/12/2024;23/12/2025;8;AB;;Obesidade / risco de resistência à insulina;N;05/08/2026 09:00;3;PetCare Clínica Veterinária;1
38;20/03/2026;Apetite aumentado;Obesidade grau II - risco metabólico;4,65;8;Amora;Gato;Maine Coon;19/12/2020 09:00;Fêmea;8;Bruno Henrique Cardoso;24;Antirrábica;30/04/2026;30/04/2027;8;AB;;Obesidade / risco de resistência à insulina;N;05/08/2026 09:00;3;PetCare Clínica Veterinária;1
38;20/03/2026;Apetite aumentado;Obesidade grau II - risco metabólico;4,65;8;Amora;Gato;Maine Coon;19/12/2020 09:00;Fêmea;8;Bruno Henrique Cardoso;25;V4 Felina;27/11/2025;27/11/2026;8;AB;;Obesidade / risco de resistência à insulina;N;05/08/2026 09:00;3;PetCare Clínica Veterinária;1
38;20/03/2026;Apetite aumentado;Obesidade grau II - risco metabólico;4,65;8;Amora;Gato;Maine Coon;19/12/2020 09:00;Fêmea;8;Bruno Henrique Cardoso;26;V5 Felina;23/12/2024;23/12/2025;8;AB;;Obesidade / risco de resistência à insulina;N;05/08/2026 09:00;3;PetCare Clínica Veterinária;1
39;23/07/2026;Leve falta de ar;Pré-diabetes (glicemia levemente elevada);4,93;8;Amora;Gato;Maine Coon;19/12/2020 09:00;Fêmea;8;Bruno Henrique Cardoso;24;Antirrábica;30/04/2026;30/04/2027;8;AB;;Obesidade / risco de resistência à insulina;N;05/08/2026 09:00;3;PetCare Clínica Veterinária;1
39;23/07/2026;Leve falta de ar;Pré-diabetes (glicemia levemente elevada);4,93;8;Amora;Gato;Maine Coon;19/12/2020 09:00;Fêmea;8;Bruno Henrique Cardoso;25;V4 Felina;27/11/2025;27/11/2026;8;AB;;Obesidade / risco de resistência à insulina;N;05/08/2026 09:00;3;PetCare Clínica Veterinária;1
39;23/07/2026;Leve falta de ar;Pré-diabetes (glicemia levemente elevada);4,93;8;Amora;Gato;Maine Coon;19/12/2020 09:00;Fêmea;8;Bruno Henrique Cardoso;26;V5 Felina;23/12/2024;23/12/2025;8;AB;;Doença renal crônica (estágio inicial);S;05/08/2026 09:00;3;PetCare Clínica Veterinária;1
40;04/03/2025;Nenhum sintoma - checkup de rotina;Animal hígido;4,72;9;Zeus;Cachorro;Pinscher;26/06/2013 09:00;Macho;9;Patrícia Gomes Ribeiro;27;Leishmaniose;19/10/2025;19/10/2026;9;DEA 1.1-;;Doença renal crônica (estágio inicial);S;24/07/2026 09:00;3;PetCare Clínica Veterinária;0
40;04/03/2025;Nenhum sintoma - checkup de rotina;Animal hígido;4,72;9;Zeus;Cachorro;Pinscher;26/06/2013 09:00;Macho;9;Patrícia Gomes Ribeiro;28;V10 (Polivalente);12/03/2026;12/03/2027;9;DEA 1.1-;;Doença renal crônica (estágio inicial);S;24/07/2026 09:00;3;PetCare Clínica Veterinária;0
41;14/04/2025;Perda de apetite;Doença renal crônica - estágio 2;4,55;9;Zeus;Cachorro;Pinscher;26/06/2013 09:00;Macho;9;Patrícia Gomes Ribeiro;27;Leishmaniose;19/10/2025;19/10/2026;9;DEA 1.1-;;Doença renal crônica (estágio inicial);S;24/07/2026 09:00;3;PetCare Clínica Veterinária;1
41;14/04/2025;Perda de apetite;Doença renal crônica - estágio 2;4,55;9;Zeus;Cachorro;Pinscher;26/06/2013 09:00;Macho;9;Patrícia Gomes Ribeiro;28;V10 (Polivalente);12/03/2026;12/03/2027;9;DEA 1.1-;;Doença renal crônica (estágio inicial);S;24/07/2026 09:00;3;PetCare Clínica Veterinária;1
42;15/09/2025;Vômitos ocasionais;Doença renal crônica - estágio 3 (piora);4,34;9;Zeus;Cachorro;Pinscher;26/06/2013 09:00;Macho;9;Patrícia Gomes Ribeiro;27;Leishmaniose;19/10/2025;19/10/2026;9;DEA 1.1-;;Doença renal crônica (estágio inicial);S;24/07/2026 09:00;3;PetCare Clínica Veterinária;1
42;15/09/2025;Vômitos ocasionais;Doença renal crônica - estágio 3 (piora);4,34;9;Zeus;Cachorro;Pinscher;26/06/2013 09:00;Macho;9;Patrícia Gomes Ribeiro;28;V10 (Polivalente);12/03/2026;12/03/2027;9;DEA 1.1-;;Doença renal crônica (estágio inicial);S;24/07/2026 09:00;3;PetCare Clínica Veterinária;1
43;19/02/2026;Letargia progressiva;Desidratação leve, ajuste de dieta renal;4,21;9;Zeus;Cachorro;Pinscher;26/06/2013 09:00;Macho;9;Patrícia Gomes Ribeiro;27;Leishmaniose;19/10/2025;19/10/2026;9;DEA 1.1-;;Doença renal crônica (estágio inicial);S;24/07/2026 09:00;3;PetCare Clínica Veterinária;1
43;19/02/2026;Letargia progressiva;Desidratação leve, ajuste de dieta renal;4,21;9;Zeus;Cachorro;Pinscher;26/06/2013 09:00;Macho;9;Patrícia Gomes Ribeiro;28;V10 (Polivalente);12/03/2026;12/03/2027;9;DEA 1.1-;;Doença renal crônica (estágio inicial);S;24/07/2026 09:00;3;PetCare Clínica Veterinária;1
44;12/05/2026;Letargia progressiva;Desidratação leve, ajuste de dieta renal;4,02;9;Zeus;Cachorro;Pinscher;26/06/2013 09:00;Macho;9;Patrícia Gomes Ribeiro;27;Leishmaniose;19/10/2025;19/10/2026;9;DEA 1.1-;;Doença renal crônica (estágio inicial);S;24/07/2026 09:00;3;PetCare Clínica Veterinária;1
44;12/05/2026;Letargia progressiva;Desidratação leve, ajuste de dieta renal;4,02;9;Zeus;Cachorro;Pinscher;26/06/2013 09:00;Macho;9;Patrícia Gomes Ribeiro;28;V10 (Polivalente);12/03/2026;12/03/2027;9;DEA 1.1-;;Doença renal crônica (estágio inicial);S;24/07/2026 09:00;3;PetCare Clínica Veterinária;1
45;30/07/2026;Letargia progressiva;Desidratação leve, ajuste de dieta renal;3,79;9;Zeus;Cachorro;Pinscher;26/06/2013 09:00;Macho;9;Patrícia Gomes Ribeiro;27;Leishmaniose;19/10/2025;19/10/2026;9;DEA 1.1-;;Doença renal crônica (estágio inicial);S;24/07/2026 09:00;3;PetCare Clínica Veterinária;1
45;30/07/2026;Letargia progressiva;Desidratação leve, ajuste de dieta renal;3,79;9;Zeus;Cachorro;Pinscher;26/06/2013 09:00;Macho;9;Patrícia Gomes Ribeiro;28;V10 (Polivalente);12/03/2026;12/03/2027;9;DEA 1.1-;Alergia alimentar (proteína animal);Dermatite alérgica recorrente;N;24/07/2026 09:00;3;PetCare Clínica Veterinária;1
46;23/11/2024;Nenhum sintoma - checkup de rotina;Animal hígido;39,43;10;Lola;Cachorro;Rottweiler;23/01/2023 09:00;Macho;10;Lucas Andrade Barbosa;29;Giárdia;01/07/2025;01/07/2026;10;DEA 1.1+;Alergia alimentar (proteína animal);Dermatite alérgica recorrente;N;12/07/2026 09:00;1;Clínica VidaPet - Unidade Moema;0
46;23/11/2024;Nenhum sintoma - checkup de rotina;Animal hígido;39,43;10;Lola;Cachorro;Rottweiler;23/01/2023 09:00;Macho;10;Lucas Andrade Barbosa;30;Leishmaniose;19/11/2025;19/11/2026;10;DEA 1.1+;Alergia alimentar (proteína animal);Dermatite alérgica recorrente;N;12/07/2026 09:00;1;Clínica VidaPet - Unidade Moema;0
46;23/11/2024;Nenhum sintoma - checkup de rotina;Animal hígido;39,43;10;Lola;Cachorro;Rottweiler;23/01/2023 09:00;Macho;10;Lucas Andrade Barbosa;31;Gripe Canina (V4);21/06/2026;21/06/2027;10;DEA 1.1+;Alergia alimentar (proteína animal);Dermatite alérgica recorrente;N;12/07/2026 09:00;1;Clínica VidaPet - Unidade Moema;0
47;13/05/2025;Vermelhidão na pele;Otite externa secundária a alergia;39,84;10;Lola;Cachorro;Rottweiler;23/01/2023 09:00;Macho;10;Lucas Andrade Barbosa;29;Giárdia;01/07/2025;01/07/2026;10;DEA 1.1+;Alergia alimentar (proteína animal);Dermatite alérgica recorrente;N;12/07/2026 09:00;1;Clínica VidaPet - Unidade Moema;1
47;13/05/2025;Vermelhidão na pele;Otite externa secundária a alergia;39,84;10;Lola;Cachorro;Rottweiler;23/01/2023 09:00;Macho;10;Lucas Andrade Barbosa;30;Leishmaniose;19/11/2025;19/11/2026;10;DEA 1.1+;Alergia alimentar (proteína animal);Dermatite alérgica recorrente;N;12/07/2026 09:00;1;Clínica VidaPet - Unidade Moema;1
47;13/05/2025;Vermelhidão na pele;Otite externa secundária a alergia;39,84;10;Lola;Cachorro;Rottweiler;23/01/2023 09:00;Macho;10;Lucas Andrade Barbosa;31;Gripe Canina (V4);21/06/2026;21/06/2027;10;DEA 1.1+;Alergia alimentar (proteína animal);Dermatite alérgica recorrente;N;12/07/2026 09:00;1;Clínica VidaPet - Unidade Moema;1
48;29/06/2025;Lambedura excessiva das patas;Piodermite superficial;39,33;10;Lola;Cachorro;Rottweiler;23/01/2023 09:00;Macho;10;Lucas Andrade Barbosa;29;Giárdia;01/07/2025;01/07/2026;10;DEA 1.1+;Alergia alimentar (proteína animal);Dermatite alérgica recorrente;N;12/07/2026 09:00;1;Clínica VidaPet - Unidade Moema;1
48;29/06/2025;Lambedura excessiva das patas;Piodermite superficial;39,33;10;Lola;Cachorro;Rottweiler;23/01/2023 09:00;Macho;10;Lucas Andrade Barbosa;30;Leishmaniose;19/11/2025;19/11/2026;10;DEA 1.1+;Alergia alimentar (proteína animal);Dermatite alérgica recorrente;N;12/07/2026 09:00;1;Clínica VidaPet - Unidade Moema;1
48;29/06/2025;Lambedura excessiva das patas;Piodermite superficial;39,33;10;Lola;Cachorro;Rottweiler;23/01/2023 09:00;Macho;10;Lucas Andrade Barbosa;31;Gripe Canina (V4);21/06/2026;21/06/2027;10;DEA 1.1+;Alergia alimentar (proteína animal);Dermatite alérgica recorrente;N;12/07/2026 09:00;1;Clínica VidaPet - Unidade Moema;1
49;05/12/2025;Otite recorrente;Alergia alimentar suspeita;39,27;10;Lola;Cachorro;Rottweiler;23/01/2023 09:00;Macho;10;Lucas Andrade Barbosa;29;Giárdia;01/07/2025;01/07/2026;10;DEA 1.1+;Alergia alimentar (proteína animal);Dermatite alérgica recorrente;N;12/07/2026 09:00;1;Clínica VidaPet - Unidade Moema;1
49;05/12/2025;Otite recorrente;Alergia alimentar suspeita;39,27;10;Lola;Cachorro;Rottweiler;23/01/2023 09:00;Macho;10;Lucas Andrade Barbosa;30;Leishmaniose;19/11/2025;19/11/2026;10;DEA 1.1+;Alergia alimentar (proteína animal);Dermatite alérgica recorrente;N;12/07/2026 09:00;1;Clínica VidaPet - Unidade Moema;1
49;05/12/2025;Otite recorrente;Alergia alimentar suspeita;39,27;10;Lola;Cachorro;Rottweiler;23/01/2023 09:00;Macho;10;Lucas Andrade Barbosa;31;Gripe Canina (V4);21/06/2026;21/06/2027;10;DEA 1.1+;Alergia alimentar (proteína animal);Dermatite alérgica recorrente;N;12/07/2026 09:00;1;Clínica VidaPet - Unidade Moema;1
50;07/12/2025;Otite recorrente;Alergia alimentar suspeita;39,56;10;Lola;Cachorro;Rottweiler;23/01/2023 09:00;Macho;10;Lucas Andrade Barbosa;29;Giárdia;01/07/2025;01/07/2026;10;DEA 1.1+;Alergia alimentar (proteína animal);Dermatite alérgica recorrente;N;12/07/2026 09:00;1;Clínica VidaPet - Unidade Moema;1
50;07/12/2025;Otite recorrente;Alergia alimentar suspeita;39,56;10;Lola;Cachorro;Rottweiler;23/01/2023 09:00;Macho;10;Lucas Andrade Barbosa;30;Leishmaniose;19/11/2025;19/11/2026;10;DEA 1.1+;Alergia alimentar (proteína animal);Dermatite alérgica recorrente;N;12/07/2026 09:00;1;Clínica VidaPet - Unidade Moema;1
50;07/12/2025;Otite recorrente;Alergia alimentar suspeita;39,56;10;Lola;Cachorro;Rottweiler;23/01/2023 09:00;Macho;10;Lucas Andrade Barbosa;31;Gripe Canina (V4);21/06/2026;21/06/2027;10;DEA 1.1+;Alergia alimentar (proteína animal);Dermatite alérgica recorrente;N;12/07/2026 09:00;1;Clínica VidaPet - Unidade Moema;1
51;06/08/2026;Otite recorrente;Alergia alimentar suspeita;40,13;10;Lola;Cachorro;Rottweiler;23/01/2023 09:00;Macho;10;Lucas Andrade Barbosa;29;Giárdia;01/07/2025;01/07/2026;10;DEA 1.1+;Alergia alimentar (proteína animal);Dermatite alérgica recorrente;N;12/07/2026 09:00;1;Clínica VidaPet - Unidade Moema;1
51;06/08/2026;Otite recorrente;Alergia alimentar suspeita;40,13;10;Lola;Cachorro;Rottweiler;23/01/2023 09:00;Macho;10;Lucas Andrade Barbosa;30;Leishmaniose;19/11/2025;19/11/2026;10;DEA 1.1+;Alergia alimentar (proteína animal);Dermatite alérgica recorrente;N;12/07/2026 09:00;1;Clínica VidaPet - Unidade Moema;1
51;06/08/2026;Otite recorrente;Alergia alimentar suspeita;40,13;10;Lola;Cachorro;Rottweiler;23/01/2023 09:00;Macho;10;Lucas Andrade Barbosa;31;Gripe Canina (V4);21/06/2026;21/06/2027;10;DEA 1.1+;Dermatite atópica;Cardiopatia valvar degenerativa;S;12/07/2026 09:00;1;Clínica VidaPet - Unidade Moema;1
52;11/12/2024;Bom estado geral;Animal hígido;4,86;11;Simba;Cachorro;Pinscher;05/03/2016 09:00;Macho;11;Camila Nogueira Dias;32;Antirrábica;10/09/2025;10/09/2026;11;DEA 1.1-;Dermatite atópica;Cardiopatia valvar degenerativa;S;05/08/2026 09:00;3;PetCare Clínica Veterinária;0
52;11/12/2024;Bom estado geral;Animal hígido;4,86;11;Simba;Cachorro;Pinscher;05/03/2016 09:00;Macho;11;Camila Nogueira Dias;33;V10 (Polivalente);19/03/2026;19/03/2027;11;DEA 1.1-;Dermatite atópica;Cardiopatia valvar degenerativa;S;05/08/2026 09:00;3;PetCare Clínica Veterinária;0
52;11/12/2024;Bom estado geral;Animal hígido;4,86;11;Simba;Cachorro;Pinscher;05/03/2016 09:00;Macho;11;Camila Nogueira Dias;34;Giárdia;31/05/2026;31/05/2027;11;DEA 1.1-;Dermatite atópica;Cardiopatia valvar degenerativa;S;05/08/2026 09:00;3;PetCare Clínica Veterinária;0
52;11/12/2024;Bom estado geral;Animal hígido;4,86;11;Simba;Cachorro;Pinscher;05/03/2016 09:00;Macho;11;Camila Nogueira Dias;35;Gripe Canina (V4);08/09/2025;08/09/2026;11;DEA 1.1-;Dermatite atópica;Cardiopatia valvar degenerativa;S;05/08/2026 09:00;3;PetCare Clínica Veterinária;0
53;10/03/2025;Cansaço fácil;Doença valvar degenerativa - fase inicial;4,67;11;Simba;Cachorro;Pinscher;05/03/2016 09:00;Macho;11;Camila Nogueira Dias;32;Antirrábica;10/09/2025;10/09/2026;11;DEA 1.1-;Dermatite atópica;Cardiopatia valvar degenerativa;S;05/08/2026 09:00;3;PetCare Clínica Veterinária;1
53;10/03/2025;Cansaço fácil;Doença valvar degenerativa - fase inicial;4,67;11;Simba;Cachorro;Pinscher;05/03/2016 09:00;Macho;11;Camila Nogueira Dias;33;V10 (Polivalente);19/03/2026;19/03/2027;11;DEA 1.1-;Dermatite atópica;Cardiopatia valvar degenerativa;S;05/08/2026 09:00;3;PetCare Clínica Veterinária;1
53;10/03/2025;Cansaço fácil;Doença valvar degenerativa - fase inicial;4,67;11;Simba;Cachorro;Pinscher;05/03/2016 09:00;Macho;11;Camila Nogueira Dias;34;Giárdia;31/05/2026;31/05/2027;11;DEA 1.1-;Dermatite atópica;Cardiopatia valvar degenerativa;S;05/08/2026 09:00;3;PetCare Clínica Veterinária;1
53;10/03/2025;Cansaço fácil;Doença valvar degenerativa - fase inicial;4,67;11;Simba;Cachorro;Pinscher;05/03/2016 09:00;Macho;11;Camila Nogueira Dias;35;Gripe Canina (V4);08/09/2025;08/09/2026;11;DEA 1.1-;Dermatite atópica;Cardiopatia valvar degenerativa;S;05/08/2026 09:00;3;PetCare Clínica Veterinária;1
54;28/03/2026;Respiração ofegante;Insuficiência cardíaca compensada;4,47;11;Simba;Cachorro;Pinscher;05/03/2016 09:00;Macho;11;Camila Nogueira Dias;32;Antirrábica;10/09/2025;10/09/2026;11;DEA 1.1-;Dermatite atópica;Cardiopatia valvar degenerativa;S;05/08/2026 09:00;3;PetCare Clínica Veterinária;1
54;28/03/2026;Respiração ofegante;Insuficiência cardíaca compensada;4,47;11;Simba;Cachorro;Pinscher;05/03/2016 09:00;Macho;11;Camila Nogueira Dias;33;V10 (Polivalente);19/03/2026;19/03/2027;11;DEA 1.1-;Dermatite atópica;Cardiopatia valvar degenerativa;S;05/08/2026 09:00;3;PetCare Clínica Veterinária;1
54;28/03/2026;Respiração ofegante;Insuficiência cardíaca compensada;4,47;11;Simba;Cachorro;Pinscher;05/03/2016 09:00;Macho;11;Camila Nogueira Dias;34;Giárdia;31/05/2026;31/05/2027;11;DEA 1.1-;Dermatite atópica;Cardiopatia valvar degenerativa;S;05/08/2026 09:00;3;PetCare Clínica Veterinária;1
54;28/03/2026;Respiração ofegante;Insuficiência cardíaca compensada;4,47;11;Simba;Cachorro;Pinscher;05/03/2016 09:00;Macho;11;Camila Nogueira Dias;35;Gripe Canina (V4);08/09/2025;08/09/2026;11;DEA 1.1-;Dermatite atópica;Cardiopatia valvar degenerativa;S;05/08/2026 09:00;3;PetCare Clínica Veterinária;1
55;24/07/2026;Síncope leve (desmaio breve);Piora do quadro cardíaco - ajuste de medicação;4,21;11;Simba;Cachorro;Pinscher;05/03/2016 09:00;Macho;11;Camila Nogueira Dias;32;Antirrábica;10/09/2025;10/09/2026;11;DEA 1.1-;Dermatite atópica;Cardiopatia valvar degenerativa;S;05/08/2026 09:00;3;PetCare Clínica Veterinária;1
55;24/07/2026;Síncope leve (desmaio breve);Piora do quadro cardíaco - ajuste de medicação;4,21;11;Simba;Cachorro;Pinscher;05/03/2016 09:00;Macho;11;Camila Nogueira Dias;33;V10 (Polivalente);19/03/2026;19/03/2027;11;DEA 1.1-;Dermatite atópica;Cardiopatia valvar degenerativa;S;05/08/2026 09:00;3;PetCare Clínica Veterinária;1
55;24/07/2026;Síncope leve (desmaio breve);Piora do quadro cardíaco - ajuste de medicação;4,21;11;Simba;Cachorro;Pinscher;05/03/2016 09:00;Macho;11;Camila Nogueira Dias;34;Giárdia;31/05/2026;31/05/2027;11;DEA 1.1-;Dermatite atópica;Cardiopatia valvar degenerativa;S;05/08/2026 09:00;3;PetCare Clínica Veterinária;1
55;24/07/2026;Síncope leve (desmaio breve);Piora do quadro cardíaco - ajuste de medicação;4,21;11;Simba;Cachorro;Pinscher;05/03/2016 09:00;Macho;11;Camila Nogueira Dias;35;Gripe Canina (V4);08/09/2025;08/09/2026;11;DEA 1.1-;;Diabetes mellitus;N;05/08/2026 09:00;3;PetCare Clínica Veterinária;1
56;27/08/2024;Bom estado geral;Animal hígido;4,26;12;Mia;Gato;Maine Coon;17/08/2017 09:00;Fêmea;12;Thiago Correia Vieira;36;V4 Felina;12/01/2025;12/01/2026;12;A;;Diabetes mellitus;N;20/07/2026 09:00;4;Clínica Veterinária Bicho Manso;0
56;27/08/2024;Bom estado geral;Animal hígido;4,26;12;Mia;Gato;Maine Coon;17/08/2017 09:00;Fêmea;12;Thiago Correia Vieira;37;Leucemia Felina (FeLV);14/06/2025;14/06/2026;12;A;;Diabetes mellitus;N;20/07/2026 09:00;4;Clínica Veterinária Bicho Manso;0
57;17/12/2024;Aumento de apetite com perda de peso;Diabetes mellitus diagnosticada;4,11;12;Mia;Gato;Maine Coon;17/08/2017 09:00;Fêmea;12;Thiago Correia Vieira;36;V4 Felina;12/01/2025;12/01/2026;12;A;;Diabetes mellitus;N;20/07/2026 09:00;4;Clínica Veterinária Bicho Manso;1
57;17/12/2024;Aumento de apetite com perda de peso;Diabetes mellitus diagnosticada;4,11;12;Mia;Gato;Maine Coon;17/08/2017 09:00;Fêmea;12;Thiago Correia Vieira;37;Leucemia Felina (FeLV);14/06/2025;14/06/2026;12;A;;Diabetes mellitus;N;20/07/2026 09:00;4;Clínica Veterinária Bicho Manso;1
58;17/02/2026;Urina em excesso;Diabetes em ajuste de dose de insulina;3,88;12;Mia;Gato;Maine Coon;17/08/2017 09:00;Fêmea;12;Thiago Correia Vieira;36;V4 Felina;12/01/2025;12/01/2026;12;A;;Diabetes mellitus;N;20/07/2026 09:00;4;Clínica Veterinária Bicho Manso;1
58;17/02/2026;Urina em excesso;Diabetes em ajuste de dose de insulina;3,88;12;Mia;Gato;Maine Coon;17/08/2017 09:00;Fêmea;12;Thiago Correia Vieira;37;Leucemia Felina (FeLV);14/06/2025;14/06/2026;12;A;;Diabetes mellitus;N;20/07/2026 09:00;4;Clínica Veterinária Bicho Manso;1
59;17/05/2026;Fraqueza;Diabetes controlada - reavaliação;3,88;12;Mia;Gato;Maine Coon;17/08/2017 09:00;Fêmea;12;Thiago Correia Vieira;36;V4 Felina;12/01/2025;12/01/2026;12;A;;Diabetes mellitus;N;20/07/2026 09:00;4;Clínica Veterinária Bicho Manso;1
59;17/05/2026;Fraqueza;Diabetes controlada - reavaliação;3,88;12;Mia;Gato;Maine Coon;17/08/2017 09:00;Fêmea;12;Thiago Correia Vieira;37;Leucemia Felina (FeLV);14/06/2025;14/06/2026;12;A;;Diabetes mellitus;N;20/07/2026 09:00;4;Clínica Veterinária Bicho Manso;1
60;01/08/2026;Fraqueza;Diabetes controlada - reavaliação;3,88;12;Mia;Gato;Maine Coon;17/08/2017 09:00;Fêmea;12;Thiago Correia Vieira;36;V4 Felina;12/01/2025;12/01/2026;12;A;;Diabetes mellitus;N;20/07/2026 09:00;4;Clínica Veterinária Bicho Manso;1
60;01/08/2026;Fraqueza;Diabetes controlada - reavaliação;3,88;12;Mia;Gato;Maine Coon;17/08/2017 09:00;Fêmea;12;Thiago Correia Vieira;37;Leucemia Felina (FeLV);14/06/2025;14/06/2026;12;A;Alergia à picada de pulga;;N;20/07/2026 09:00;4;Clínica Veterinária Bicho Manso;1
61;24/11/2024;Leve apatia;Check-up preventivo normal;6,05;13;Toby;Cachorro;Shih Tzu;13/02/2017 09:00;Fêmea;13;Larissa Monteiro Teixeira;38;Gripe Canina (V4);08/02/2026;08/02/2027;13;DEA 4+;Alergia à picada de pulga;;N;21/07/2026 09:00;2;Hospital Veterinário Amigo Fiel;0
61;24/11/2024;Leve apatia;Check-up preventivo normal;6,05;13;Toby;Cachorro;Shih Tzu;13/02/2017 09:00;Fêmea;13;Larissa Monteiro Teixeira;39;Leishmaniose;14/09/2024;14/09/2025;13;DEA 4+;Alergia à picada de pulga;;N;21/07/2026 09:00;2;Hospital Veterinário Amigo Fiel;0
61;24/11/2024;Leve apatia;Check-up preventivo normal;6,05;13;Toby;Cachorro;Shih Tzu;13/02/2017 09:00;Fêmea;13;Larissa Monteiro Teixeira;40;Giárdia;02/03/2025;02/03/2026;13;DEA 4+;Alergia à picada de pulga;;N;21/07/2026 09:00;2;Hospital Veterinário Amigo Fiel;0
62;08/06/2025;Leve apatia;Sem alterações significativas;6,02;13;Toby;Cachorro;Shih Tzu;13/02/2017 09:00;Fêmea;13;Larissa Monteiro Teixeira;38;Gripe Canina (V4);08/02/2026;08/02/2027;13;DEA 4+;Alergia à picada de pulga;;N;21/07/2026 09:00;2;Hospital Veterinário Amigo Fiel;0
62;08/06/2025;Leve apatia;Sem alterações significativas;6,02;13;Toby;Cachorro;Shih Tzu;13/02/2017 09:00;Fêmea;13;Larissa Monteiro Teixeira;39;Leishmaniose;14/09/2024;14/09/2025;13;DEA 4+;Alergia à picada de pulga;;N;21/07/2026 09:00;2;Hospital Veterinário Amigo Fiel;0
62;08/06/2025;Leve apatia;Sem alterações significativas;6,02;13;Toby;Cachorro;Shih Tzu;13/02/2017 09:00;Fêmea;13;Larissa Monteiro Teixeira;40;Giárdia;02/03/2025;02/03/2026;13;DEA 4+;Alergia à picada de pulga;;N;21/07/2026 09:00;2;Hospital Veterinário Amigo Fiel;0
63;12/08/2026;Bom estado geral;Check-up preventivo normal;6,08;13;Toby;Cachorro;Shih Tzu;13/02/2017 09:00;Fêmea;13;Larissa Monteiro Teixeira;38;Gripe Canina (V4);08/02/2026;08/02/2027;13;DEA 4+;Alergia à picada de pulga;;N;21/07/2026 09:00;2;Hospital Veterinário Amigo Fiel;0
63;12/08/2026;Bom estado geral;Check-up preventivo normal;6,08;13;Toby;Cachorro;Shih Tzu;13/02/2017 09:00;Fêmea;13;Larissa Monteiro Teixeira;39;Leishmaniose;14/09/2024;14/09/2025;13;DEA 4+;Alergia à picada de pulga;;N;21/07/2026 09:00;2;Hospital Veterinário Amigo Fiel;0
63;12/08/2026;Bom estado geral;Check-up preventivo normal;6,08;13;Toby;Cachorro;Shih Tzu;13/02/2017 09:00;Fêmea;13;Larissa Monteiro Teixeira;40;Giárdia;02/03/2025;02/03/2026;13;DEA 4+;;Obesidade / risco de resistência à insulina;N;21/07/2026 09:00;2;Hospital Veterinário Amigo Fiel;0
64;17/03/2025;Bom estado geral;Check-up preventivo normal;4,68;14;Bela;Gato;Siamês;02/04/2020 09:00;Macho;14;Diego Fernandes Araújo;41;V4 Felina;06/12/2025;06/12/2026;14;B;;Obesidade / risco de resistência à insulina;N;11/07/2026 09:00;2;Hospital Veterinário Amigo Fiel;0
64;17/03/2025;Bom estado geral;Check-up preventivo normal;4,68;14;Bela;Gato;Siamês;02/04/2020 09:00;Macho;14;Diego Fernandes Araújo;42;Antirrábica;17/04/2025;17/04/2026;14;B;;Obesidade / risco de resistência à insulina;N;11/07/2026 09:00;2;Hospital Veterinário Amigo Fiel;0
64;17/03/2025;Bom estado geral;Check-up preventivo normal;4,68;14;Bela;Gato;Siamês;02/04/2020 09:00;Macho;14;Diego Fernandes Araújo;43;V5 Felina;10/07/2025;10/07/2026;14;B;;Obesidade / risco de resistência à insulina;N;11/07/2026 09:00;2;Hospital Veterinário Amigo Fiel;0
65;11/07/2025;Dificuldade de locomoção;Obesidade grau I;5,03;14;Bela;Gato;Siamês;02/04/2020 09:00;Macho;14;Diego Fernandes Araújo;41;V4 Felina;06/12/2025;06/12/2026;14;B;;Obesidade / risco de resistência à insulina;N;11/07/2026 09:00;2;Hospital Veterinário Amigo Fiel;1
65;11/07/2025;Dificuldade de locomoção;Obesidade grau I;5,03;14;Bela;Gato;Siamês;02/04/2020 09:00;Macho;14;Diego Fernandes Araújo;42;Antirrábica;17/04/2025;17/04/2026;14;B;;Obesidade / risco de resistência à insulina;N;11/07/2026 09:00;2;Hospital Veterinário Amigo Fiel;1
65;11/07/2025;Dificuldade de locomoção;Obesidade grau I;5,03;14;Bela;Gato;Siamês;02/04/2020 09:00;Macho;14;Diego Fernandes Araújo;43;V5 Felina;10/07/2025;10/07/2026;14;B;;Obesidade / risco de resistência à insulina;N;11/07/2026 09:00;2;Hospital Veterinário Amigo Fiel;1
66;21/01/2026;Apetite aumentado;Obesidade grau II - risco metabólico;5,43;14;Bela;Gato;Siamês;02/04/2020 09:00;Macho;14;Diego Fernandes Araújo;41;V4 Felina;06/12/2025;06/12/2026;14;B;;Obesidade / risco de resistência à insulina;N;11/07/2026 09:00;2;Hospital Veterinário Amigo Fiel;1
66;21/01/2026;Apetite aumentado;Obesidade grau II - risco metabólico;5,43;14;Bela;Gato;Siamês;02/04/2020 09:00;Macho;14;Diego Fernandes Araújo;42;Antirrábica;17/04/2025;17/04/2026;14;B;;Obesidade / risco de resistência à insulina;N;11/07/2026 09:00;2;Hospital Veterinário Amigo Fiel;1
66;21/01/2026;Apetite aumentado;Obesidade grau II - risco metabólico;5,43;14;Bela;Gato;Siamês;02/04/2020 09:00;Macho;14;Diego Fernandes Araújo;43;V5 Felina;10/07/2025;10/07/2026;14;B;;Obesidade / risco de resistência à insulina;N;11/07/2026 09:00;2;Hospital Veterinário Amigo Fiel;1
67;09/03/2026;Leve falta de ar;Pré-diabetes (glicemia levemente elevada);5,63;14;Bela;Gato;Siamês;02/04/2020 09:00;Macho;14;Diego Fernandes Araújo;41;V4 Felina;06/12/2025;06/12/2026;14;B;;Obesidade / risco de resistência à insulina;N;11/07/2026 09:00;2;Hospital Veterinário Amigo Fiel;1
67;09/03/2026;Leve falta de ar;Pré-diabetes (glicemia levemente elevada);5,63;14;Bela;Gato;Siamês;02/04/2020 09:00;Macho;14;Diego Fernandes Araújo;42;Antirrábica;17/04/2025;17/04/2026;14;B;;Obesidade / risco de resistência à insulina;N;11/07/2026 09:00;2;Hospital Veterinário Amigo Fiel;1
67;09/03/2026;Leve falta de ar;Pré-diabetes (glicemia levemente elevada);5,63;14;Bela;Gato;Siamês;02/04/2020 09:00;Macho;14;Diego Fernandes Araújo;43;V5 Felina;10/07/2025;10/07/2026;14;B;;Obesidade / risco de resistência à insulina;N;11/07/2026 09:00;2;Hospital Veterinário Amigo Fiel;1
68;06/05/2026;Leve falta de ar;Pré-diabetes (glicemia levemente elevada);5,88;14;Bela;Gato;Siamês;02/04/2020 09:00;Macho;14;Diego Fernandes Araújo;41;V4 Felina;06/12/2025;06/12/2026;14;B;;Obesidade / risco de resistência à insulina;N;11/07/2026 09:00;2;Hospital Veterinário Amigo Fiel;1
68;06/05/2026;Leve falta de ar;Pré-diabetes (glicemia levemente elevada);5,88;14;Bela;Gato;Siamês;02/04/2020 09:00;Macho;14;Diego Fernandes Araújo;42;Antirrábica;17/04/2025;17/04/2026;14;B;;Obesidade / risco de resistência à insulina;N;11/07/2026 09:00;2;Hospital Veterinário Amigo Fiel;1
68;06/05/2026;Leve falta de ar;Pré-diabetes (glicemia levemente elevada);5,88;14;Bela;Gato;Siamês;02/04/2020 09:00;Macho;14;Diego Fernandes Araújo;43;V5 Felina;10/07/2025;10/07/2026;14;B;;Obesidade / risco de resistência à insulina;N;11/07/2026 09:00;2;Hospital Veterinário Amigo Fiel;1
69;05/08/2026;Leve falta de ar;Pré-diabetes (glicemia levemente elevada);6,25;14;Bela;Gato;Siamês;02/04/2020 09:00;Macho;14;Diego Fernandes Araújo;41;V4 Felina;06/12/2025;06/12/2026;14;B;;Obesidade / risco de resistência à insulina;N;11/07/2026 09:00;2;Hospital Veterinário Amigo Fiel;1
69;05/08/2026;Leve falta de ar;Pré-diabetes (glicemia levemente elevada);6,25;14;Bela;Gato;Siamês;02/04/2020 09:00;Macho;14;Diego Fernandes Araújo;42;Antirrábica;17/04/2025;17/04/2026;14;B;;Obesidade / risco de resistência à insulina;N;11/07/2026 09:00;2;Hospital Veterinário Amigo Fiel;1
69;05/08/2026;Leve falta de ar;Pré-diabetes (glicemia levemente elevada);6,25;14;Bela;Gato;Siamês;02/04/2020 09:00;Macho;14;Diego Fernandes Araújo;43;V5 Felina;10/07/2025;10/07/2026;14;B;;Doença renal crônica (estágio inicial);S;11/07/2026 09:00;2;Hospital Veterinário Amigo Fiel;1
70;02/09/2024;Leve apatia;Animal hígido;4,24;15;Max;Gato;Maine Coon;13/12/2012 09:00;Macho;15;Beatriz Cunha Machado;44;Antirrábica;04/06/2025;04/06/2026;15;A;;Doença renal crônica (estágio inicial);S;27/07/2026 09:00;3;PetCare Clínica Veterinária;0
70;02/09/2024;Leve apatia;Animal hígido;4,24;15;Max;Gato;Maine Coon;13/12/2012 09:00;Macho;15;Beatriz Cunha Machado;45;Leucemia Felina (FeLV);03/01/2026;03/01/2027;15;A;;Doença renal crônica (estágio inicial);S;27/07/2026 09:00;3;PetCare Clínica Veterinária;0
70;02/09/2024;Leve apatia;Animal hígido;4,24;15;Max;Gato;Maine Coon;13/12/2012 09:00;Macho;15;Beatriz Cunha Machado;46;V5 Felina;07/04/2025;07/04/2026;15;A;;Doença renal crônica (estágio inicial);S;27/07/2026 09:00;3;PetCare Clínica Veterinária;0
70;02/09/2024;Leve apatia;Animal hígido;4,24;15;Max;Gato;Maine Coon;13/12/2012 09:00;Macho;15;Beatriz Cunha Machado;47;V4 Felina;11/12/2025;11/12/2026;15;A;;Doença renal crônica (estágio inicial);S;27/07/2026 09:00;3;PetCare Clínica Veterinária;0
71;26/12/2024;Perda de apetite;Doença renal crônica - estágio 2;4,04;15;Max;Gato;Maine Coon;13/12/2012 09:00;Macho;15;Beatriz Cunha Machado;44;Antirrábica;04/06/2025;04/06/2026;15;A;;Doença renal crônica (estágio inicial);S;27/07/2026 09:00;3;PetCare Clínica Veterinária;1
71;26/12/2024;Perda de apetite;Doença renal crônica - estágio 2;4,04;15;Max;Gato;Maine Coon;13/12/2012 09:00;Macho;15;Beatriz Cunha Machado;45;Leucemia Felina (FeLV);03/01/2026;03/01/2027;15;A;;Doença renal crônica (estágio inicial);S;27/07/2026 09:00;3;PetCare Clínica Veterinária;1
71;26/12/2024;Perda de apetite;Doença renal crônica - estágio 2;4,04;15;Max;Gato;Maine Coon;13/12/2012 09:00;Macho;15;Beatriz Cunha Machado;46;V5 Felina;07/04/2025;07/04/2026;15;A;;Doença renal crônica (estágio inicial);S;27/07/2026 09:00;3;PetCare Clínica Veterinária;1
71;26/12/2024;Perda de apetite;Doença renal crônica - estágio 2;4,04;15;Max;Gato;Maine Coon;13/12/2012 09:00;Macho;15;Beatriz Cunha Machado;47;V4 Felina;11/12/2025;11/12/2026;15;A;;Doença renal crônica (estágio inicial);S;27/07/2026 09:00;3;PetCare Clínica Veterinária;1
72;29/11/2025;Vômitos ocasionais;Doença renal crônica - estágio 3 (piora);3,83;15;Max;Gato;Maine Coon;13/12/2012 09:00;Macho;15;Beatriz Cunha Machado;44;Antirrábica;04/06/2025;04/06/2026;15;A;;Doença renal crônica (estágio inicial);S;27/07/2026 09:00;3;PetCare Clínica Veterinária;1
72;29/11/2025;Vômitos ocasionais;Doença renal crônica - estágio 3 (piora);3,83;15;Max;Gato;Maine Coon;13/12/2012 09:00;Macho;15;Beatriz Cunha Machado;45;Leucemia Felina (FeLV);03/01/2026;03/01/2027;15;A;;Doença renal crônica (estágio inicial);S;27/07/2026 09:00;3;PetCare Clínica Veterinária;1
72;29/11/2025;Vômitos ocasionais;Doença renal crônica - estágio 3 (piora);3,83;15;Max;Gato;Maine Coon;13/12/2012 09:00;Macho;15;Beatriz Cunha Machado;46;V5 Felina;07/04/2025;07/04/2026;15;A;;Doença renal crônica (estágio inicial);S;27/07/2026 09:00;3;PetCare Clínica Veterinária;1
72;29/11/2025;Vômitos ocasionais;Doença renal crônica - estágio 3 (piora);3,83;15;Max;Gato;Maine Coon;13/12/2012 09:00;Macho;15;Beatriz Cunha Machado;47;V4 Felina;11/12/2025;11/12/2026;15;A;;Doença renal crônica (estágio inicial);S;27/07/2026 09:00;3;PetCare Clínica Veterinária;1
73;15/03/2026;Letargia progressiva;Desidratação leve, ajuste de dieta renal;3,62;15;Max;Gato;Maine Coon;13/12/2012 09:00;Macho;15;Beatriz Cunha Machado;44;Antirrábica;04/06/2025;04/06/2026;15;A;;Doença renal crônica (estágio inicial);S;27/07/2026 09:00;3;PetCare Clínica Veterinária;1
73;15/03/2026;Letargia progressiva;Desidratação leve, ajuste de dieta renal;3,62;15;Max;Gato;Maine Coon;13/12/2012 09:00;Macho;15;Beatriz Cunha Machado;45;Leucemia Felina (FeLV);03/01/2026;03/01/2027;15;A;;Doença renal crônica (estágio inicial);S;27/07/2026 09:00;3;PetCare Clínica Veterinária;1
73;15/03/2026;Letargia progressiva;Desidratação leve, ajuste de dieta renal;3,62;15;Max;Gato;Maine Coon;13/12/2012 09:00;Macho;15;Beatriz Cunha Machado;46;V5 Felina;07/04/2025;07/04/2026;15;A;;Doença renal crônica (estágio inicial);S;27/07/2026 09:00;3;PetCare Clínica Veterinária;1
73;15/03/2026;Letargia progressiva;Desidratação leve, ajuste de dieta renal;3,62;15;Max;Gato;Maine Coon;13/12/2012 09:00;Macho;15;Beatriz Cunha Machado;47;V4 Felina;11/12/2025;11/12/2026;15;A;;Doença renal crônica (estágio inicial);S;27/07/2026 09:00;3;PetCare Clínica Veterinária;1
74;28/07/2026;Letargia progressiva;Desidratação leve, ajuste de dieta renal;3,53;15;Max;Gato;Maine Coon;13/12/2012 09:00;Macho;15;Beatriz Cunha Machado;44;Antirrábica;04/06/2025;04/06/2026;15;A;;Doença renal crônica (estágio inicial);S;27/07/2026 09:00;3;PetCare Clínica Veterinária;1
74;28/07/2026;Letargia progressiva;Desidratação leve, ajuste de dieta renal;3,53;15;Max;Gato;Maine Coon;13/12/2012 09:00;Macho;15;Beatriz Cunha Machado;45;Leucemia Felina (FeLV);03/01/2026;03/01/2027;15;A;;Doença renal crônica (estágio inicial);S;27/07/2026 09:00;3;PetCare Clínica Veterinária;1
74;28/07/2026;Letargia progressiva;Desidratação leve, ajuste de dieta renal;3,53;15;Max;Gato;Maine Coon;13/12/2012 09:00;Macho;15;Beatriz Cunha Machado;46;V5 Felina;07/04/2025;07/04/2026;15;A;;Doença renal crônica (estágio inicial);S;27/07/2026 09:00;3;PetCare Clínica Veterinária;1
74;28/07/2026;Letargia progressiva;Desidratação leve, ajuste de dieta renal;3,53;15;Max;Gato;Maine Coon;13/12/2012 09:00;Macho;15;Beatriz Cunha Machado;47;V4 Felina;11/12/2025;11/12/2026;15;A;Alergia alimentar (proteína animal);Dermatite alérgica recorrente;N;27/07/2026 09:00;3;PetCare Clínica Veterinária;1
75;17/09/2024;Nenhum sintoma - checkup de rotina;Animal hígido;6,02;16;Fred;Cachorro;Dachshund;26/05/2024 09:00;Fêmea;1;Ana Beatriz Souza;48;Giárdia;10/03/2026;10/03/2027;16;DEA 1.1+;Alergia alimentar (proteína animal);Dermatite alérgica recorrente;N;08/08/2026 09:00;2;Hospital Veterinário Amigo Fiel;0
75;17/09/2024;Nenhum sintoma - checkup de rotina;Animal hígido;6,02;16;Fred;Cachorro;Dachshund;26/05/2024 09:00;Fêmea;1;Ana Beatriz Souza;49;Antirrábica;07/05/2026;07/05/2027;16;DEA 1.1+;Alergia alimentar (proteína animal);Dermatite alérgica recorrente;N;08/08/2026 09:00;2;Hospital Veterinário Amigo Fiel;0
76;14/11/2024;Vermelhidão na pele;Otite externa secundária a alergia;6,1;16;Fred;Cachorro;Dachshund;26/05/2024 09:00;Fêmea;1;Ana Beatriz Souza;48;Giárdia;10/03/2026;10/03/2027;16;DEA 1.1+;Alergia alimentar (proteína animal);Dermatite alérgica recorrente;N;08/08/2026 09:00;2;Hospital Veterinário Amigo Fiel;1
76;14/11/2024;Vermelhidão na pele;Otite externa secundária a alergia;6,1;16;Fred;Cachorro;Dachshund;26/05/2024 09:00;Fêmea;1;Ana Beatriz Souza;49;Antirrábica;07/05/2026;07/05/2027;16;DEA 1.1+;Alergia alimentar (proteína animal);Dermatite alérgica recorrente;N;08/08/2026 09:00;2;Hospital Veterinário Amigo Fiel;1
77;16/09/2025;Lambedura excessiva das patas;Piodermite superficial;6,16;16;Fred;Cachorro;Dachshund;26/05/2024 09:00;Fêmea;1;Ana Beatriz Souza;48;Giárdia;10/03/2026;10/03/2027;16;DEA 1.1+;Alergia alimentar (proteína animal);Dermatite alérgica recorrente;N;08/08/2026 09:00;2;Hospital Veterinário Amigo Fiel;1
77;16/09/2025;Lambedura excessiva das patas;Piodermite superficial;6,16;16;Fred;Cachorro;Dachshund;26/05/2024 09:00;Fêmea;1;Ana Beatriz Souza;49;Antirrábica;07/05/2026;07/05/2027;16;DEA 1.1+;Alergia alimentar (proteína animal);Dermatite alérgica recorrente;N;08/08/2026 09:00;2;Hospital Veterinário Amigo Fiel;1
78;30/03/2026;Otite recorrente;Alergia alimentar suspeita;6,14;16;Fred;Cachorro;Dachshund;26/05/2024 09:00;Fêmea;1;Ana Beatriz Souza;48;Giárdia;10/03/2026;10/03/2027;16;DEA 1.1+;Alergia alimentar (proteína animal);Dermatite alérgica recorrente;N;08/08/2026 09:00;2;Hospital Veterinário Amigo Fiel;1
78;30/03/2026;Otite recorrente;Alergia alimentar suspeita;6,14;16;Fred;Cachorro;Dachshund;26/05/2024 09:00;Fêmea;1;Ana Beatriz Souza;49;Antirrábica;07/05/2026;07/05/2027;16;DEA 1.1+;Alergia alimentar (proteína animal);Dermatite alérgica recorrente;N;08/08/2026 09:00;2;Hospital Veterinário Amigo Fiel;1
79;12/04/2026;Otite recorrente;Alergia alimentar suspeita;6,25;16;Fred;Cachorro;Dachshund;26/05/2024 09:00;Fêmea;1;Ana Beatriz Souza;48;Giárdia;10/03/2026;10/03/2027;16;DEA 1.1+;Alergia alimentar (proteína animal);Dermatite alérgica recorrente;N;08/08/2026 09:00;2;Hospital Veterinário Amigo Fiel;1
79;12/04/2026;Otite recorrente;Alergia alimentar suspeita;6,25;16;Fred;Cachorro;Dachshund;26/05/2024 09:00;Fêmea;1;Ana Beatriz Souza;49;Antirrábica;07/05/2026;07/05/2027;16;DEA 1.1+;Alergia alimentar (proteína animal);Dermatite alérgica recorrente;N;08/08/2026 09:00;2;Hospital Veterinário Amigo Fiel;1
80;25/07/2026;Otite recorrente;Alergia alimentar suspeita;6,31;16;Fred;Cachorro;Dachshund;26/05/2024 09:00;Fêmea;1;Ana Beatriz Souza;48;Giárdia;10/03/2026;10/03/2027;16;DEA 1.1+;Alergia alimentar (proteína animal);Dermatite alérgica recorrente;N;08/08/2026 09:00;2;Hospital Veterinário Amigo Fiel;1
80;25/07/2026;Otite recorrente;Alergia alimentar suspeita;6,31;16;Fred;Cachorro;Dachshund;26/05/2024 09:00;Fêmea;1;Ana Beatriz Souza;49;Antirrábica;07/05/2026;07/05/2027;16;DEA 1.1+;;Cardiopatia valvar degenerativa;S;08/08/2026 09:00;2;Hospital Veterinário Amigo Fiel;1
81;17/11/2024;Bom estado geral;Sem alterações significativas;3,38;17;Nala;Cachorro;Yorkshire;02/07/2015 09:00;Macho;2;Carlos Eduardo Lima;50;Antirrábica;13/11/2024;13/11/2025;17;DEA 4+;;Cardiopatia valvar degenerativa;S;26/07/2026 09:00;3;PetCare Clínica Veterinária;0
81;17/11/2024;Bom estado geral;Sem alterações significativas;3,38;17;Nala;Cachorro;Yorkshire;02/07/2015 09:00;Macho;2;Carlos Eduardo Lima;51;Gripe Canina (V4);06/10/2025;06/10/2026;17;DEA 4+;;Cardiopatia valvar degenerativa;S;26/07/2026 09:00;3;PetCare Clínica Veterinária;0
81;17/11/2024;Bom estado geral;Sem alterações significativas;3,38;17;Nala;Cachorro;Yorkshire;02/07/2015 09:00;Macho;2;Carlos Eduardo Lima;52;Leishmaniose;05/03/2026;05/03/2027;17;DEA 4+;;Cardiopatia valvar degenerativa;S;26/07/2026 09:00;3;PetCare Clínica Veterinária;0
81;17/11/2024;Bom estado geral;Sem alterações significativas;3,38;17;Nala;Cachorro;Yorkshire;02/07/2015 09:00;Macho;2;Carlos Eduardo Lima;53;V10 (Polivalente);02/11/2025;02/11/2026;17;DEA 4+;;Cardiopatia valvar degenerativa;S;26/07/2026 09:00;3;PetCare Clínica Veterinária;0
82;08/08/2025;Cansaço fácil;Doença valvar degenerativa - fase inicial;3,29;17;Nala;Cachorro;Yorkshire;02/07/2015 09:00;Macho;2;Carlos Eduardo Lima;50;Antirrábica;13/11/2024;13/11/2025;17;DEA 4+;;Cardiopatia valvar degenerativa;S;26/07/2026 09:00;3;PetCare Clínica Veterinária;1
82;08/08/2025;Cansaço fácil;Doença valvar degenerativa - fase inicial;3,29;17;Nala;Cachorro;Yorkshire;02/07/2015 09:00;Macho;2;Carlos Eduardo Lima;51;Gripe Canina (V4);06/10/2025;06/10/2026;17;DEA 4+;;Cardiopatia valvar degenerativa;S;26/07/2026 09:00;3;PetCare Clínica Veterinária;1
82;08/08/2025;Cansaço fácil;Doença valvar degenerativa - fase inicial;3,29;17;Nala;Cachorro;Yorkshire;02/07/2015 09:00;Macho;2;Carlos Eduardo Lima;52;Leishmaniose;05/03/2026;05/03/2027;17;DEA 4+;;Cardiopatia valvar degenerativa;S;26/07/2026 09:00;3;PetCare Clínica Veterinária;1
82;08/08/2025;Cansaço fácil;Doença valvar degenerativa - fase inicial;3,29;17;Nala;Cachorro;Yorkshire;02/07/2015 09:00;Macho;2;Carlos Eduardo Lima;53;V10 (Polivalente);02/11/2025;02/11/2026;17;DEA 4+;;Cardiopatia valvar degenerativa;S;26/07/2026 09:00;3;PetCare Clínica Veterinária;1
83;19/10/2025;Respiração ofegante;Insuficiência cardíaca compensada;3,15;17;Nala;Cachorro;Yorkshire;02/07/2015 09:00;Macho;2;Carlos Eduardo Lima;50;Antirrábica;13/11/2024;13/11/2025;17;DEA 4+;;Cardiopatia valvar degenerativa;S;26/07/2026 09:00;3;PetCare Clínica Veterinária;1
83;19/10/2025;Respiração ofegante;Insuficiência cardíaca compensada;3,15;17;Nala;Cachorro;Yorkshire;02/07/2015 09:00;Macho;2;Carlos Eduardo Lima;51;Gripe Canina (V4);06/10/2025;06/10/2026;17;DEA 4+;;Cardiopatia valvar degenerativa;S;26/07/2026 09:00;3;PetCare Clínica Veterinária;1
83;19/10/2025;Respiração ofegante;Insuficiência cardíaca compensada;3,15;17;Nala;Cachorro;Yorkshire;02/07/2015 09:00;Macho;2;Carlos Eduardo Lima;52;Leishmaniose;05/03/2026;05/03/2027;17;DEA 4+;;Cardiopatia valvar degenerativa;S;26/07/2026 09:00;3;PetCare Clínica Veterinária;1
83;19/10/2025;Respiração ofegante;Insuficiência cardíaca compensada;3,15;17;Nala;Cachorro;Yorkshire;02/07/2015 09:00;Macho;2;Carlos Eduardo Lima;53;V10 (Polivalente);02/11/2025;02/11/2026;17;DEA 4+;;Cardiopatia valvar degenerativa;S;26/07/2026 09:00;3;PetCare Clínica Veterinária;1
84;07/08/2026;Síncope leve (desmaio breve);Piora do quadro cardíaco - ajuste de medicação;3,09;17;Nala;Cachorro;Yorkshire;02/07/2015 09:00;Macho;2;Carlos Eduardo Lima;50;Antirrábica;13/11/2024;13/11/2025;17;DEA 4+;;Cardiopatia valvar degenerativa;S;26/07/2026 09:00;3;PetCare Clínica Veterinária;1
84;07/08/2026;Síncope leve (desmaio breve);Piora do quadro cardíaco - ajuste de medicação;3,09;17;Nala;Cachorro;Yorkshire;02/07/2015 09:00;Macho;2;Carlos Eduardo Lima;51;Gripe Canina (V4);06/10/2025;06/10/2026;17;DEA 4+;;Cardiopatia valvar degenerativa;S;26/07/2026 09:00;3;PetCare Clínica Veterinária;1
84;07/08/2026;Síncope leve (desmaio breve);Piora do quadro cardíaco - ajuste de medicação;3,09;17;Nala;Cachorro;Yorkshire;02/07/2015 09:00;Macho;2;Carlos Eduardo Lima;52;Leishmaniose;05/03/2026;05/03/2027;17;DEA 4+;;Cardiopatia valvar degenerativa;S;26/07/2026 09:00;3;PetCare Clínica Veterinária;1
84;07/08/2026;Síncope leve (desmaio breve);Piora do quadro cardíaco - ajuste de medicação;3,09;17;Nala;Cachorro;Yorkshire;02/07/2015 09:00;Macho;2;Carlos Eduardo Lima;53;V10 (Polivalente);02/11/2025;02/11/2026;17;DEA 4+;Alergia alimentar (proteína animal);Diabetes mellitus;S;26/07/2026 09:00;3;PetCare Clínica Veterinária;1
85;28/01/2025;Nenhum sintoma - checkup de rotina;Sem alterações significativas;3,49;18;Duke;Gato;Siamês;18/06/2018 09:00;Macho;3;Mariana Ferreira Costa;54;V4 Felina;01/07/2026;01/07/2027;18;A;Alergia alimentar (proteína animal);Diabetes mellitus;S;05/08/2026 09:00;1;Clínica VidaPet - Unidade Moema;0
85;28/01/2025;Nenhum sintoma - checkup de rotina;Sem alterações significativas;3,49;18;Duke;Gato;Siamês;18/06/2018 09:00;Macho;3;Mariana Ferreira Costa;55;Leucemia Felina (FeLV);15/11/2025;15/11/2026;18;A;Alergia alimentar (proteína animal);Diabetes mellitus;S;05/08/2026 09:00;1;Clínica VidaPet - Unidade Moema;0
86;11/04/2025;Aumento de apetite com perda de peso;Diabetes mellitus diagnosticada;3,37;18;Duke;Gato;Siamês;18/06/2018 09:00;Macho;3;Mariana Ferreira Costa;54;V4 Felina;01/07/2026;01/07/2027;18;A;Alergia alimentar (proteína animal);Diabetes mellitus;S;05/08/2026 09:00;1;Clínica VidaPet - Unidade Moema;1
86;11/04/2025;Aumento de apetite com perda de peso;Diabetes mellitus diagnosticada;3,37;18;Duke;Gato;Siamês;18/06/2018 09:00;Macho;3;Mariana Ferreira Costa;55;Leucemia Felina (FeLV);15/11/2025;15/11/2026;18;A;Alergia alimentar (proteína animal);Diabetes mellitus;S;05/08/2026 09:00;1;Clínica VidaPet - Unidade Moema;1
87;02/06/2025;Urina em excesso;Diabetes em ajuste de dose de insulina;3,25;18;Duke;Gato;Siamês;18/06/2018 09:00;Macho;3;Mariana Ferreira Costa;54;V4 Felina;01/07/2026;01/07/2027;18;A;Alergia alimentar (proteína animal);Diabetes mellitus;S;05/08/2026 09:00;1;Clínica VidaPet - Unidade Moema;1
87;02/06/2025;Urina em excesso;Diabetes em ajuste de dose de insulina;3,25;18;Duke;Gato;Siamês;18/06/2018 09:00;Macho;3;Mariana Ferreira Costa;55;Leucemia Felina (FeLV);15/11/2025;15/11/2026;18;A;Alergia alimentar (proteína animal);Diabetes mellitus;S;05/08/2026 09:00;1;Clínica VidaPet - Unidade Moema;1
88;04/03/2026;Fraqueza;Diabetes controlada - reavaliação;3,14;18;Duke;Gato;Siamês;18/06/2018 09:00;Macho;3;Mariana Ferreira Costa;54;V4 Felina;01/07/2026;01/07/2027;18;A;Alergia alimentar (proteína animal);Diabetes mellitus;S;05/08/2026 09:00;1;Clínica VidaPet - Unidade Moema;1
88;04/03/2026;Fraqueza;Diabetes controlada - reavaliação;3,14;18;Duke;Gato;Siamês;18/06/2018 09:00;Macho;3;Mariana Ferreira Costa;55;Leucemia Felina (FeLV);15/11/2025;15/11/2026;18;A;Alergia alimentar (proteína animal);Diabetes mellitus;S;05/08/2026 09:00;1;Clínica VidaPet - Unidade Moema;1
89;24/06/2026;Fraqueza;Diabetes controlada - reavaliação;3,03;18;Duke;Gato;Siamês;18/06/2018 09:00;Macho;3;Mariana Ferreira Costa;54;V4 Felina;01/07/2026;01/07/2027;18;A;Alergia alimentar (proteína animal);Diabetes mellitus;S;05/08/2026 09:00;1;Clínica VidaPet - Unidade Moema;1
89;24/06/2026;Fraqueza;Diabetes controlada - reavaliação;3,03;18;Duke;Gato;Siamês;18/06/2018 09:00;Macho;3;Mariana Ferreira Costa;55;Leucemia Felina (FeLV);15/11/2025;15/11/2026;18;A;Alergia alimentar (proteína animal);Diabetes mellitus;S;05/08/2026 09:00;1;Clínica VidaPet - Unidade Moema;1
90;22/07/2026;Fraqueza;Diabetes controlada - reavaliação;3,05;18;Duke;Gato;Siamês;18/06/2018 09:00;Macho;3;Mariana Ferreira Costa;54;V4 Felina;01/07/2026;01/07/2027;18;A;Alergia alimentar (proteína animal);Diabetes mellitus;S;05/08/2026 09:00;1;Clínica VidaPet - Unidade Moema;1
90;22/07/2026;Fraqueza;Diabetes controlada - reavaliação;3,05;18;Duke;Gato;Siamês;18/06/2018 09:00;Macho;3;Mariana Ferreira Costa;55;Leucemia Felina (FeLV);15/11/2025;15/11/2026;18;A;Alergia alimentar (proteína animal);Diabetes mellitus;S;05/08/2026 09:00;1;Clínica VidaPet - Unidade Moema;1
91;07/09/2026;Fraqueza;Diabetes controlada - reavaliação;3,03;18;Duke;Gato;Siamês;18/06/2018 09:00;Macho;3;Mariana Ferreira Costa;54;V4 Felina;01/07/2026;01/07/2027;18;A;Alergia alimentar (proteína animal);Diabetes mellitus;S;05/08/2026 09:00;1;Clínica VidaPet - Unidade Moema;1
91;07/09/2026;Fraqueza;Diabetes controlada - reavaliação;3,03;18;Duke;Gato;Siamês;18/06/2018 09:00;Macho;3;Mariana Ferreira Costa;55;Leucemia Felina (FeLV);15/11/2025;15/11/2026;18;A;;;S;05/08/2026 09:00;1;Clínica VidaPet - Unidade Moema;1
92;25/12/2024;Nenhum sintoma - checkup de rotina;Check-up preventivo normal;29,78;19;Pipoca;Cachorro;Golden Retriever;31/03/2017 09:00;Fêmea;4;João Pedro Almeida;56;Antirrábica;24/05/2026;24/05/2027;19;DEA 1.1+;;;S;04/08/2026 09:00;1;Clínica VidaPet - Unidade Moema;0
92;25/12/2024;Nenhum sintoma - checkup de rotina;Check-up preventivo normal;29,78;19;Pipoca;Cachorro;Golden Retriever;31/03/2017 09:00;Fêmea;4;João Pedro Almeida;57;Giárdia;11/05/2025;11/05/2026;19;DEA 1.1+;;;S;04/08/2026 09:00;1;Clínica VidaPet - Unidade Moema;0
93;07/04/2025;Nenhum sintoma - checkup de rotina;Animal hígido;30,13;19;Pipoca;Cachorro;Golden Retriever;31/03/2017 09:00;Fêmea;4;João Pedro Almeida;56;Antirrábica;24/05/2026;24/05/2027;19;DEA 1.1+;;;S;04/08/2026 09:00;1;Clínica VidaPet - Unidade Moema;0
93;07/04/2025;Nenhum sintoma - checkup de rotina;Animal hígido;30,13;19;Pipoca;Cachorro;Golden Retriever;31/03/2017 09:00;Fêmea;4;João Pedro Almeida;57;Giárdia;11/05/2025;11/05/2026;19;DEA 1.1+;;;S;04/08/2026 09:00;1;Clínica VidaPet - Unidade Moema;0
94;06/08/2026;Leve apatia;Check-up preventivo normal;30,63;19;Pipoca;Cachorro;Golden Retriever;31/03/2017 09:00;Fêmea;4;João Pedro Almeida;56;Antirrábica;24/05/2026;24/05/2027;19;DEA 1.1+;;;S;04/08/2026 09:00;1;Clínica VidaPet - Unidade Moema;0
94;06/08/2026;Leve apatia;Check-up preventivo normal;30,63;19;Pipoca;Cachorro;Golden Retriever;31/03/2017 09:00;Fêmea;4;João Pedro Almeida;57;Giárdia;11/05/2025;11/05/2026;19;DEA 1.1+;;Obesidade / risco de resistência à insulina;S;04/08/2026 09:00;1;Clínica VidaPet - Unidade Moema;0
95;27/10/2024;Leve apatia;Animal hígido;4,35;20;Bento;Gato;Maine Coon;27/12/2019 09:00;Macho;5;Fernanda Rocha Silva;58;V4 Felina;13/04/2025;13/04/2026;20;A;;Obesidade / risco de resistência à insulina;S;08/07/2026 09:00;4;Clínica Veterinária Bicho Manso;0
95;27/10/2024;Leve apatia;Animal hígido;4,35;20;Bento;Gato;Maine Coon;27/12/2019 09:00;Macho;5;Fernanda Rocha Silva;59;V5 Felina;06/02/2025;06/02/2026;20;A;;Obesidade / risco de resistência à insulina;S;08/07/2026 09:00;4;Clínica Veterinária Bicho Manso;0
96;21/11/2024;Dificuldade de locomoção;Obesidade grau I;4,51;20;Bento;Gato;Maine Coon;27/12/2019 09:00;Macho;5;Fernanda Rocha Silva;58;V4 Felina;13/04/2025;13/04/2026;20;A;;Obesidade / risco de resistência à insulina;S;08/07/2026 09:00;4;Clínica Veterinária Bicho Manso;1
96;21/11/2024;Dificuldade de locomoção;Obesidade grau I;4,51;20;Bento;Gato;Maine Coon;27/12/2019 09:00;Macho;5;Fernanda Rocha Silva;59;V5 Felina;06/02/2025;06/02/2026;20;A;;Obesidade / risco de resistência à insulina;S;08/07/2026 09:00;4;Clínica Veterinária Bicho Manso;1
97;05/12/2024;Apetite aumentado;Obesidade grau II - risco metabólico;4,74;20;Bento;Gato;Maine Coon;27/12/2019 09:00;Macho;5;Fernanda Rocha Silva;58;V4 Felina;13/04/2025;13/04/2026;20;A;;Obesidade / risco de resistência à insulina;S;08/07/2026 09:00;4;Clínica Veterinária Bicho Manso;1
97;05/12/2024;Apetite aumentado;Obesidade grau II - risco metabólico;4,74;20;Bento;Gato;Maine Coon;27/12/2019 09:00;Macho;5;Fernanda Rocha Silva;59;V5 Felina;06/02/2025;06/02/2026;20;A;;Obesidade / risco de resistência à insulina;S;08/07/2026 09:00;4;Clínica Veterinária Bicho Manso;1
98;05/02/2025;Leve falta de ar;Pré-diabetes (glicemia levemente elevada);4,9;20;Bento;Gato;Maine Coon;27/12/2019 09:00;Macho;5;Fernanda Rocha Silva;58;V4 Felina;13/04/2025;13/04/2026;20;A;;Obesidade / risco de resistência à insulina;S;08/07/2026 09:00;4;Clínica Veterinária Bicho Manso;1
98;05/02/2025;Leve falta de ar;Pré-diabetes (glicemia levemente elevada);4,9;20;Bento;Gato;Maine Coon;27/12/2019 09:00;Macho;5;Fernanda Rocha Silva;59;V5 Felina;06/02/2025;06/02/2026;20;A;;Obesidade / risco de resistência à insulina;S;08/07/2026 09:00;4;Clínica Veterinária Bicho Manso;1
99;24/06/2025;Leve falta de ar;Pré-diabetes (glicemia levemente elevada);5,19;20;Bento;Gato;Maine Coon;27/12/2019 09:00;Macho;5;Fernanda Rocha Silva;58;V4 Felina;13/04/2025;13/04/2026;20;A;;Obesidade / risco de resistência à insulina;S;08/07/2026 09:00;4;Clínica Veterinária Bicho Manso;1
99;24/06/2025;Leve falta de ar;Pré-diabetes (glicemia levemente elevada);5,19;20;Bento;Gato;Maine Coon;27/12/2019 09:00;Macho;5;Fernanda Rocha Silva;59;V5 Felina;06/02/2025;06/02/2026;20;A;;Obesidade / risco de resistência à insulina;S;08/07/2026 09:00;4;Clínica Veterinária Bicho Manso;1
100;09/08/2026;Leve falta de ar;Pré-diabetes (glicemia levemente elevada);5,51;20;Bento;Gato;Maine Coon;27/12/2019 09:00;Macho;5;Fernanda Rocha Silva;58;V4 Felina;13/04/2025;13/04/2026;20;A;;Obesidade / risco de resistência à insulina;S;08/07/2026 09:00;4;Clínica Veterinária Bicho Manso;1
100;09/08/2026;Leve falta de ar;Pré-diabetes (glicemia levemente elevada);5,51;20;Bento;Gato;Maine Coon;27/12/2019 09:00;Macho;5;Fernanda Rocha Silva;59;V5 Felina;06/02/2025;06/02/2026;20;A;;;;08/07/2026 09:00;4;Clínica Veterinária Bicho Manso;0
